Province/State,Date,Confirmed,Deaths,Recovered,Active
Москва,2020-03-22,191,0,8,183
Москва,2020-03-23,262,0,9,253
Москва,2020-03-24,290,0,9,281
Москва,2020-03-25,410,0,14,396
Москва,2020-03-26,546,2,15,529
Москва,2020-03-27,703,3,18,682
Москва,2020-03-28,817,4,18,795
Москва,2020-03-29,1014,6,28,980
Москва,2020-03-30,1226,6,28,1192
Москва,2020-03-31,1613,11,70,1532
Москва,2020-04-01,1880,16,115,1749
Москва,2020-04-02,2475,19,140,2316
Москва,2020-04-03,2923,20,168,2735
Москва,2020-04-04,3357,27,194,3136
Москва,2020-04-05,3893,29,198,3666
Москва,2020-04-06,4484,29,206,4249
Москва,2020-04-07,5181,31,222,4928
Москва,2020-04-08,5841,31,270,5540
Москва,2020-04-09,6698,38,313,6347
Москва,2020-04-10,7822,50,350,7422
Москва,2020-04-11,8852,58,499,8295
Москва,2020-04-12,10158,72,687,9399
Москва,2020-04-13,11513,82,837,10594
Москва,2020-04-14,13002,95,1016,11891
Москва,2020-04-15,14776,106,1205,13465
Москва,2020-04-16,16146,113,1394,14639
Москва,2020-04-17,18105,127,1517,16461
Московская область,2020-03-22,35,0,1,34
Московская область,2020-03-23,35,0,1,34
Московская область,2020-03-24,35,0,2,33
Московская область,2020-03-25,41,0,2,39
Московская область,2020-03-26,41,0,7,34
Московская область,2020-03-27,49,0,8,41
Московская область,2020-03-28,85,0,8,77
Московская область,2020-03-29,112,0,10,102
Московская область,2020-03-30,119,0,10,109
Московская область,2020-03-31,119,0,14,105
Московская область,2020-04-01,134,1,17,116
Московская область,2020-04-02,177,2,17,158
Московская область,2020-04-03,211,2,17,192
Московская область,2020-04-04,260,2,30,228
Московская область,2020-04-05,305,2,33,270
Московская область,2020-04-06,387,3,34,350
Московская область,2020-04-07,454,8,47,399
Московская область,2020-04-08,549,10,50,489
Московская область,2020-04-09,748,13,52,683
Московская область,2020-04-10,930,13,66,851
Московская область,2020-04-11,1082,14,69,999
Московская область,2020-04-12,1360,18,75,1267
Московская область,2020-04-13,1855,19,75,1761
Московская область,2020-04-14,2315,24,75,2216
Московская область,2020-04-15,2587,26,75,2486
Московская область,2020-04-16,3054,33,91,2930
Московская область,2020-04-17,3526,40,105,3381
Санкт-Петербург,2020-03-22,16,0,2,14
Санкт-Петербург,2020-03-23,16,0,2,14
Санкт-Петербург,2020-03-24,21,0,2,19
Санкт-Петербург,2020-03-25,21,0,2,19
Санкт-Петербург,2020-03-26,26,0,5,21
Санкт-Петербург,2020-03-27,26,0,5,21
Санкт-Петербург,2020-03-28,37,0,5,32
Санкт-Петербург,2020-03-29,42,1,5,36
Санкт-Петербург,2020-03-30,50,1,5,44
Санкт-Петербург,2020-03-31,98,2,7,89
Санкт-Петербург,2020-04-01,125,2,7,116
Санкт-Петербург,2020-04-02,147,2,7,138
Санкт-Петербург,2020-04-03,156,2,7,147
Санкт-Петербург,2020-04-04,171,2,7,162
Санкт-Петербург,2020-04-05,191,2,7,182
Санкт-Петербург,2020-04-06,226,2,32,192
Санкт-Петербург,2020-04-07,295,2,32,261
Санкт-Петербург,2020-04-08,329,2,32,295
Санкт-Петербург,2020-04-09,373,4,43,326
Санкт-Петербург,2020-04-10,408,4,43,361
Санкт-Петербург,2020-04-11,488,4,74,410
Санкт-Петербург,2020-04-12,557,4,74,479
Санкт-Петербург,2020-04-13,678,4,78,596
Санкт-Петербург,2020-04-14,799,4,78,717
Санкт-Петербург,2020-04-15,929,5,95,829
Санкт-Петербург,2020-04-16,1083,7,110,966
Санкт-Петербург,2020-04-17,1507,7,131,1369
Свердловская область,2020-03-22,9,0,0,9
Свердловская область,2020-03-23,9,0,0,9
Свердловская область,2020-03-24,13,0,0,13
Свердловская область,2020-03-25,13,0,0,13
Свердловская область,2020-03-26,20,0,0,20
Свердловская область,2020-03-27,20,0,0,20
Свердловская область,2020-03-28,24,0,0,24
Свердловская область,2020-03-29,24,0,1,23
Свердловская область,2020-03-30,24,0,1,23
Свердловская область,2020-03-31,33,0,1,32
Свердловская область,2020-04-01,33,0,1,32
Свердловская область,2020-04-02,38,0,8,30
Свердловская область,2020-04-03,39,0,8,31
Свердловская область,2020-04-04,40,0,13,27
Свердловская область,2020-04-05,40,0,13,27
Свердловская область,2020-04-06,44,0,13,31
Свердловская область,2020-04-07,51,0,22,29
Свердловская область,2020-04-08,56,0,25,31
Свердловская область,2020-04-09,59,0,25,34
Свердловская область,2020-04-10,61,0,25,36
Свердловская область,2020-04-11,74,0,32,42
Свердловская область,2020-04-12,78,0,35,43
Свердловская область,2020-04-13,85,0,35,50
Свердловская область,2020-04-14,93,0,37,56
Свердловская область,2020-04-15,105,0,37,68
Свердловская область,2020-04-16,111,0,44,67
Свердловская область,2020-04-17,115,0,47,68
Самарская область,2020-03-22,9,0,0,9
Самарская область,2020-03-23,9,0,0,9
Самарская область,2020-03-24,10,0,0,10
Самарская область,2020-03-25,10,0,0,10
Самарская область,2020-03-26,12,0,0,12
Самарская область,2020-03-27,14,0,0,14
Самарская область,2020-03-28,14,0,1,13
Самарская область,2020-03-29,14,0,1,13
Самарская область,2020-03-30,14,0,1,13
Самарская область,2020-03-31,15,0,1,14
Самарская область,2020-04-01,15,0,2,13
Самарская область,2020-04-02,17,0,2,15
Самарская область,2020-04-03,17,0,7,10
Самарская область,2020-04-04,17,0,7,10
Самарская область,2020-04-05,17,0,8,9
Самарская область,2020-04-06,17,0,9,8
Самарская область,2020-04-07,17,0,9,8
Самарская область,2020-04-08,18,0,9,9
Самарская область,2020-04-09,18,0,10,8
Самарская область,2020-04-10,20,0,11,9
Самарская область,2020-04-11,21,0,14,7
Самарская область,2020-04-12,24,0,14,10
Самарская область,2020-04-13,29,0,14,15
Самарская область,2020-04-14,40,0,14,26
Самарская область,2020-04-15,40,0,14,26
Самарская область,2020-04-16,50,0,14,36
Самарская область,2020-04-17,63,0,14,49
Республика Саха (Якутия),2020-03-22,7,0,0,7
Республика Саха (Якутия),2020-03-23,7,0,0,7
Республика Саха (Якутия),2020-03-24,7,0,0,7
Республика Саха (Якутия),2020-03-25,10,0,0,10
Республика Саха (Якутия),2020-03-26,14,0,0,14
Республика Саха (Якутия),2020-03-27,14,0,0,14
Республика Саха (Якутия),2020-03-28,14,0,0,14
Республика Саха (Якутия),2020-03-29,15,0,0,15
Республика Саха (Якутия),2020-03-30,15,0,0,15
Республика Саха (Якутия),2020-03-31,15,0,0,15
Республика Саха (Якутия),2020-04-01,15,0,1,14
Республика Саха (Якутия),2020-04-02,15,0,4,11
Республика Саха (Якутия),2020-04-03,15,0,4,11
Республика Саха (Якутия),2020-04-04,15,0,4,11
Республика Саха (Якутия),2020-04-05,15,0,4,11
Республика Саха (Якутия),2020-04-06,15,0,4,11
Республика Саха (Якутия),2020-04-07,15,0,7,8
Республика Саха (Якутия),2020-04-08,16,0,7,9
Республика Саха (Якутия),2020-04-09,16,0,8,8
Республика Саха (Якутия),2020-04-10,16,0,10,6
Республика Саха (Якутия),2020-04-11,19,0,13,6
Республика Саха (Якутия),2020-04-12,22,0,13,9
Республика Саха (Якутия),2020-04-13,25,0,13,12
Республика Саха (Якутия),2020-04-14,26,0,13,13
Республика Саха (Якутия),2020-04-15,33,0,15,18
Республика Саха (Якутия),2020-04-16,35,0,15,20
Республика Саха (Якутия),2020-04-17,38,0,15,23
Нижегородская область,2020-03-22,7,0,0,7
Нижегородская область,2020-03-23,7,0,0,7
Нижегородская область,2020-03-24,7,0,0,7
Нижегородская область,2020-03-25,8,0,1,7
Нижегородская область,2020-03-26,8,0,1,7
Нижегородская область,2020-03-27,8,0,1,7
Нижегородская область,2020-03-28,11,0,1,10
Нижегородская область,2020-03-29,11,0,1,10
Нижегородская область,2020-03-30,11,0,1,10
Нижегородская область,2020-03-31,12,0,1,11
Нижегородская область,2020-04-01,12,0,1,11
Нижегородская область,2020-04-02,25,0,1,24
Нижегородская область,2020-04-03,25,0,1,24
Нижегородская область,2020-04-04,25,0,1,24
Нижегородская область,2020-04-05,47,0,1,46
Нижегородская область,2020-04-06,56,0,4,52
Нижегородская область,2020-04-07,56,0,8,48
Нижегородская область,2020-04-08,80,0,13,67
Нижегородская область,2020-04-09,87,0,13,74
Нижегородская область,2020-04-10,119,1,14,104
Нижегородская область,2020-04-11,152,1,14,137
Нижегородская область,2020-04-12,194,1,14,179
Нижегородская область,2020-04-13,224,4,20,200
Нижегородская область,2020-04-14,292,4,20,268
Нижегородская область,2020-04-15,339,4,21,314
Нижегородская область,2020-04-16,404,4,21,379
Нижегородская область,2020-04-17,458,4,21,433
Кировская область,2020-03-22,7,0,0,7
Кировская область,2020-03-23,7,0,0,7
Кировская область,2020-03-24,7,0,0,7
Кировская область,2020-03-25,7,0,0,7
Кировская область,2020-03-26,7,0,0,7
Кировская область,2020-03-27,8,0,2,6
Кировская область,2020-03-28,8,0,2,6
Кировская область,2020-03-29,9,0,2,7
Кировская область,2020-03-30,12,0,2,10
Кировская область,2020-03-31,12,0,3,9
Кировская область,2020-04-01,12,0,3,9
Кировская область,2020-04-02,12,0,3,9
Кировская область,2020-04-03,15,0,3,12
Кировская область,2020-04-04,18,0,3,15
Кировская область,2020-04-05,18,0,3,15
Кировская область,2020-04-06,18,0,3,15
Кировская область,2020-04-07,20,0,7,13
Кировская область,2020-04-08,20,0,7,13
Кировская область,2020-04-09,28,0,8,20
Кировская область,2020-04-10,29,0,8,21
Кировская область,2020-04-11,35,0,9,26
Кировская область,2020-04-12,36,0,9,27
Кировская область,2020-04-13,51,0,9,42
Кировская область,2020-04-14,51,0,9,42
Кировская область,2020-04-15,64,0,9,55
Кировская область,2020-04-16,73,0,9,64
Кировская область,2020-04-17,91,2,10,79
Калининградская область,2020-03-22,7,0,0,7
Калининградская область,2020-03-23,7,0,0,7
Калининградская область,2020-03-24,7,0,0,7
Калининградская область,2020-03-25,8,0,1,7
Калининградская область,2020-03-26,8,0,1,7
Калининградская область,2020-03-27,8,0,1,7
Калининградская область,2020-03-28,11,0,1,10
Калининградская область,2020-03-29,11,0,1,10
Калининградская область,2020-03-30,12,0,2,10
Калининградская область,2020-03-31,12,0,2,10
Калининградская область,2020-04-01,12,0,5,7
Калининградская область,2020-04-02,19,0,5,14
Калининградская область,2020-04-03,19,0,5,14
Калининградская область,2020-04-04,19,0,5,14
Калининградская область,2020-04-05,19,0,5,14
Калининградская область,2020-04-06,19,0,5,14
Калининградская область,2020-04-07,48,0,8,40
Калининградская область,2020-04-08,49,0,9,40
Калининградская область,2020-04-09,52,0,9,43
Калининградская область,2020-04-10,62,0,9,53
Калининградская область,2020-04-11,65,1,12,52
Калининградская область,2020-04-12,70,1,16,53
Калининградская область,2020-04-13,74,1,16,57
Калининградская область,2020-04-14,79,1,16,62
Калининградская область,2020-04-15,84,1,24,59
Калининградская область,2020-04-16,92,1,26,65
Калининградская область,2020-04-17,104,1,28,75
Республика Татарстан,2020-03-22,6,0,0,6
Республика Татарстан,2020-03-23,6,0,0,6
Республика Татарстан,2020-03-24,7,0,0,7
Республика Татарстан,2020-03-25,7,0,0,7
Республика Татарстан,2020-03-26,10,0,0,10
Республика Татарстан,2020-03-27,11,0,1,10
Республика Татарстан,2020-03-28,14,0,1,13
Республика Татарстан,2020-03-29,14,0,1,13
Республика Татарстан,2020-03-30,14,0,1,13
Республика Татарстан,2020-03-31,19,0,1,18
Республика Татарстан,2020-04-01,19,0,2,17
Республика Татарстан,2020-04-02,19,0,2,17
Республика Татарстан,2020-04-03,25,0,6,19
Республика Татарстан,2020-04-04,25,0,6,19
Республика Татарстан,2020-04-05,25,0,6,19
Республика Татарстан,2020-04-06,41,0,6,35
Республика Татарстан,2020-04-07,41,0,8,33
Республика Татарстан,2020-04-08,41,0,10,31
Республика Татарстан,2020-04-09,50,0,10,40
Республика Татарстан,2020-04-10,50,0,11,39
Республика Татарстан,2020-04-11,73,0,11,62
Республика Татарстан,2020-04-12,73,0,14,59
Республика Татарстан,2020-04-13,84,0,14,70
Республика Татарстан,2020-04-14,107,0,14,93
Республика Татарстан,2020-04-15,107,0,14,93
Республика Татарстан,2020-04-16,128,0,14,114
Республика Татарстан,2020-04-17,144,0,18,126
Тульская область,2020-03-22,5,0,0,5
Тульская область,2020-03-23,5,0,0,5
Тульская область,2020-03-24,5,0,0,5
Тульская область,2020-03-25,7,0,0,7
Тульская область,2020-03-26,7,0,0,7
Тульская область,2020-03-27,8,0,0,8
Тульская область,2020-03-28,11,0,0,11
Тульская область,2020-03-29,11,0,0,11
Тульская область,2020-03-30,12,0,0,12
Тульская область,2020-03-31,12,0,0,12
Тульская область,2020-04-01,17,0,3,14
Тульская область,2020-04-02,17,0,3,14
Тульская область,2020-04-03,17,0,3,14
Тульская область,2020-04-04,19,0,3,16
Тульская область,2020-04-05,29,0,3,26
Тульская область,2020-04-06,39,0,4,35
Тульская область,2020-04-07,49,0,4,45
Тульская область,2020-04-08,54,0,4,50
Тульская область,2020-04-09,66,0,6,60
Тульская область,2020-04-10,71,0,7,64
Тульская область,2020-04-11,71,0,9,62
Тульская область,2020-04-12,74,0,9,65
Тульская область,2020-04-13,85,0,13,72
Тульская область,2020-04-14,85,0,13,72
Тульская область,2020-04-15,130,0,17,113
Тульская область,2020-04-16,174,0,19,155
Тульская область,2020-04-17,199,0,24,175
Красноярский край,2020-03-22,5,0,0,5
Красноярский край,2020-03-23,5,0,0,5
Красноярский край,2020-03-24,5,0,3,2
Красноярский край,2020-03-25,5,0,3,2
Красноярский край,2020-03-26,8,0,3,5
Красноярский край,2020-03-27,8,0,3,5
Красноярский край,2020-03-28,12,0,3,9
Красноярский край,2020-03-29,12,0,3,9
Красноярский край,2020-03-30,14,0,3,11
Красноярский край,2020-03-31,14,0,4,10
Красноярский край,2020-04-01,20,0,4,16
Красноярский край,2020-04-02,25,0,4,21
Красноярский край,2020-04-03,25,0,4,21
Красноярский край,2020-04-04,25,0,4,21
Красноярский край,2020-04-05,29,0,4,25
Красноярский край,2020-04-06,32,0,5,27
Красноярский край,2020-04-07,32,0,5,27
Красноярский край,2020-04-08,39,0,6,33
Красноярский край,2020-04-09,39,0,8,31
Красноярский край,2020-04-10,39,0,8,31
Красноярский край,2020-04-11,60,0,8,52
Красноярский край,2020-04-12,85,0,8,77
Красноярский край,2020-04-13,110,0,8,102
Красноярский край,2020-04-14,131,0,17,114
Красноярский край,2020-04-15,142,0,17,125
Красноярский край,2020-04-16,202,0,17,185
Красноярский край,2020-04-17,231,0,17,214
Краснодарский край,2020-03-22,5,0,0,5
Краснодарский край,2020-03-23,5,0,0,5
Краснодарский край,2020-03-24,5,0,0,5
Краснодарский край,2020-03-25,9,0,0,9
Краснодарский край,2020-03-26,9,0,0,9
Краснодарский край,2020-03-27,9,0,0,9
Краснодарский край,2020-03-28,17,0,0,17
Краснодарский край,2020-03-29,17,0,1,16
Краснодарский край,2020-03-30,17,0,1,16
Краснодарский край,2020-03-31,17,0,2,15
Краснодарский край,2020-04-01,22,0,3,19
Краснодарский край,2020-04-02,22,0,4,18
Краснодарский край,2020-04-03,39,0,4,35
Краснодарский край,2020-04-04,39,0,4,35
Краснодарский край,2020-04-05,39,0,4,35
Краснодарский край,2020-04-06,50,0,8,42
Краснодарский край,2020-04-07,61,1,9,51
Краснодарский край,2020-04-08,85,1,15,69
Краснодарский край,2020-04-09,105,1,15,89
Краснодарский край,2020-04-10,125,3,15,107
Краснодарский край,2020-04-11,138,3,25,110
Краснодарский край,2020-04-12,169,3,25,141
Краснодарский край,2020-04-13,210,3,28,179
Краснодарский край,2020-04-14,215,3,32,180
Краснодарский край,2020-04-15,239,3,40,196
Краснодарский край,2020-04-16,260,3,40,217
Краснодарский край,2020-04-17,290,3,48,239
Новосибирская область,2020-03-22,4,0,0,4
Новосибирская область,2020-03-23,4,0,0,4
Новосибирская область,2020-03-24,4,0,0,4
Новосибирская область,2020-03-25,4,0,0,4
Новосибирская область,2020-03-26,5,0,0,5
Новосибирская область,2020-03-27,5,0,0,5
Новосибирская область,2020-03-28,7,0,0,7
Новосибирская область,2020-03-29,8,0,0,8
Новосибирская область,2020-03-30,9,0,0,9
Новосибирская область,2020-03-31,9,0,0,9
Новосибирская область,2020-04-01,10,0,2,8
Новосибирская область,2020-04-02,10,0,2,8
Новосибирская область,2020-04-03,10,0,2,8
Новосибирская область,2020-04-04,10,0,2,8
Новосибирская область,2020-04-05,11,0,2,9
Новосибирская область,2020-04-06,11,0,2,9
Новосибирская область,2020-04-07,11,0,2,9
Новосибирская область,2020-04-08,13,0,2,11
Новосибирская область,2020-04-09,18,0,2,16
Новосибирская область,2020-04-10,21,0,8,13
Новосибирская область,2020-04-11,28,0,10,18
Новосибирская область,2020-04-12,28,0,10,18
Новосибирская область,2020-04-13,36,0,10,26
Новосибирская область,2020-04-14,36,0,10,26
Новосибирская область,2020-04-15,53,0,11,42
Новосибирская область,2020-04-16,64,1,14,49
Новосибирская область,2020-04-17,76,2,14,60
Хабаровский край,2020-03-22,4,0,0,4
Хабаровский край,2020-03-23,4,0,0,4
Хабаровский край,2020-03-24,4,0,0,4
Хабаровский край,2020-03-25,4,0,0,4
Хабаровский край,2020-03-26,5,0,0,5
Хабаровский край,2020-03-27,5,0,0,5
Хабаровский край,2020-03-28,5,0,0,5
Хабаровский край,2020-03-29,7,0,0,7
Хабаровский край,2020-03-30,7,0,0,7
Хабаровский край,2020-03-31,8,0,0,8
Хабаровский край,2020-04-01,9,0,0,9
Хабаровский край,2020-04-02,9,0,0,9
Хабаровский край,2020-04-03,10,0,0,10
Хабаровский край,2020-04-04,10,0,0,10
Хабаровский край,2020-04-05,11,0,0,11
Хабаровский край,2020-04-06,11,0,0,11
Хабаровский край,2020-04-07,16,0,0,16
Хабаровский край,2020-04-08,24,1,0,23
Хабаровский край,2020-04-09,24,1,3,20
Хабаровский край,2020-04-10,28,1,6,21
Хабаровский край,2020-04-11,29,2,7,20
Хабаровский край,2020-04-12,29,2,7,20
Хабаровский край,2020-04-13,54,2,7,45
Хабаровский край,2020-04-14,54,2,7,45
Хабаровский край,2020-04-15,77,2,7,68
Хабаровский край,2020-04-16,91,2,7,82
Хабаровский край,2020-04-17,109,3,9,97
Тюменская область,2020-03-22,3,0,1,2
Тюменская область,2020-03-23,3,0,1,2
Тюменская область,2020-03-24,3,0,1,2
Тюменская область,2020-03-25,3,0,1,2
Тюменская область,2020-03-26,3,0,1,2
Тюменская область,2020-03-27,3,0,1,2
Тюменская область,2020-03-28,3,0,1,2
Тюменская область,2020-03-29,4,0,1,3
Тюменская область,2020-03-30,4,0,1,3
Тюменская область,2020-03-31,6,0,1,5
Тюменская область,2020-04-01,6,0,2,4
Тюменская область,2020-04-02,6,0,2,4
Тюменская область,2020-04-03,11,0,2,9
Тюменская область,2020-04-04,11,0,2,9
Тюменская область,2020-04-05,11,0,2,9
Тюменская область,2020-04-06,11,0,2,9
Тюменская область,2020-04-07,18,0,2,16
Тюменская область,2020-04-08,18,0,2,16
Тюменская область,2020-04-09,19,0,2,17
Тюменская область,2020-04-10,22,0,4,18
Тюменская область,2020-04-11,30,0,4,26
Тюменская область,2020-04-12,39,0,8,31
Тюменская область,2020-04-13,53,0,9,44
Тюменская область,2020-04-14,67,0,9,58
Тюменская область,2020-04-15,85,1,10,74
Тюменская область,2020-04-16,112,1,10,101
Тюменская область,2020-04-17,146,2,10,134
Тамбовская область,2020-03-22,3,0,0,3
Тамбовская область,2020-03-23,3,0,0,3
Тамбовская область,2020-03-24,3,0,0,3
Тамбовская область,2020-03-25,3,0,0,3
Тамбовская область,2020-03-26,3,0,0,3
Тамбовская область,2020-03-27,3,0,0,3
Тамбовская область,2020-03-28,3,0,0,3
Тамбовская область,2020-03-29,3,0,0,3
Тамбовская область,2020-03-30,3,0,0,3
Тамбовская область,2020-03-31,3,0,0,3
Тамбовская область,2020-04-01,6,0,0,6
Тамбовская область,2020-04-02,6,0,0,6
Тамбовская область,2020-04-03,6,0,0,6
Тамбовская область,2020-04-04,7,0,0,7
Тамбовская область,2020-04-05,7,0,2,5
Тамбовская область,2020-04-06,15,0,2,13
Тамбовская область,2020-04-07,15,0,3,12
Тамбовская область,2020-04-08,21,0,3,18
Тамбовская область,2020-04-09,21,0,3,18
Тамбовская область,2020-04-10,33,0,3,30
Тамбовская область,2020-04-11,33,0,6,27
Тамбовская область,2020-04-12,48,0,6,42
Тамбовская область,2020-04-13,48,0,6,42
Тамбовская область,2020-04-14,83,0,6,77
Тамбовская область,2020-04-15,83,0,6,77
Тамбовская область,2020-04-16,133,0,6,127
Тамбовская область,2020-04-17,133,0,8,125
Пермский край,2020-03-22,3,0,0,3
Пермский край,2020-03-23,3,0,0,3
Пермский край,2020-03-24,3,0,0,3
Пермский край,2020-03-25,5,0,0,5
Пермский край,2020-03-26,10,0,0,10
Пермский край,2020-03-27,10,0,0,10
Пермский край,2020-03-28,11,0,0,11
Пермский край,2020-03-29,11,0,0,11
Пермский край,2020-03-30,13,0,0,13
Пермский край,2020-03-31,13,0,0,13
Пермский край,2020-04-01,13,0,0,13
Пермский край,2020-04-02,20,1,1,18
Пермский край,2020-04-03,21,2,3,16
Пермский край,2020-04-04,21,2,3,16
Пермский край,2020-04-05,21,2,3,16
Пермский край,2020-04-06,21,2,3,16
Пермский край,2020-04-07,32,2,5,25
Пермский край,2020-04-08,32,2,6,24
Пермский край,2020-04-09,41,3,6,32
Пермский край,2020-04-10,45,3,6,36
Пермский край,2020-04-11,45,3,15,27
Пермский край,2020-04-12,60,3,15,42
Пермский край,2020-04-13,60,3,15,42
Пермский край,2020-04-14,87,3,16,68
Пермский край,2020-04-15,114,3,16,95
Пермский край,2020-04-16,132,3,19,110
Пермский край,2020-04-17,144,3,19,122
Липецкая область,2020-03-22,3,0,3,0
Липецкая область,2020-03-23,3,0,3,0
Липецкая область,2020-03-24,5,0,3,2
Липецкая область,2020-03-25,5,0,3,2
Липецкая область,2020-03-26,5,0,3,2
Липецкая область,2020-03-27,5,0,3,2
Липецкая область,2020-03-28,8,0,3,5
Липецкая область,2020-03-29,9,0,3,6
Липецкая область,2020-03-30,10,0,3,7
Липецкая область,2020-03-31,10,0,3,7
Липецкая область,2020-04-01,11,0,3,8
Липецкая область,2020-04-02,15,0,3,12
Липецкая область,2020-04-03,18,0,3,15
Липецкая область,2020-04-04,18,0,3,15
Липецкая область,2020-04-05,18,0,4,14
Липецкая область,2020-04-06,26,0,4,22
Липецкая область,2020-04-07,26,0,4,22
Липецкая область,2020-04-08,44,0,5,39
Липецкая область,2020-04-09,48,0,5,43
Липецкая область,2020-04-10,55,0,9,46
Липецкая область,2020-04-11,58,0,10,48
Липецкая область,2020-04-12,63,0,10,53
Липецкая область,2020-04-13,69,0,10,59
Липецкая область,2020-04-14,74,0,12,62
Липецкая область,2020-04-15,85,0,15,70
Липецкая область,2020-04-16,96,0,22,74
Липецкая область,2020-04-17,108,0,29,79
Тверская область,2020-03-22,3,0,0,3
Тверская область,2020-03-23,3,0,0,3
Тверская область,2020-03-24,3,0,0,3
Тверская область,2020-03-25,3,0,0,3
Тверская область,2020-03-26,3,0,0,3
Тверская область,2020-03-27,3,0,0,3
Тверская область,2020-03-28,3,0,2,1
Тверская область,2020-03-29,3,0,2,1
Тверская область,2020-03-30,4,0,2,2
Тверская область,2020-03-31,4,0,2,2
Тверская область,2020-04-01,5,0,2,3
Тверская область,2020-04-02,5,0,2,3
Тверская область,2020-04-03,6,0,2,4
Тверская область,2020-04-04,6,0,2,4
Тверская область,2020-04-05,6,0,2,4
Тверская область,2020-04-06,8,0,2,6
Тверская область,2020-04-07,8,0,2,6
Тверская область,2020-04-08,12,0,2,10
Тверская область,2020-04-09,19,0,2,17
Тверская область,2020-04-10,24,0,3,21
Тверская область,2020-04-11,31,0,3,28
Тверская область,2020-04-12,31,0,3,28
Тверская область,2020-04-13,75,0,3,72
Тверская область,2020-04-14,75,0,3,72
Тверская область,2020-04-15,117,0,3,114
Тверская область,2020-04-16,151,0,9,142
Тверская область,2020-04-17,188,0,9,179
Удмуртская Республика,2020-03-22,2,0,0,2
Удмуртская Республика,2020-03-23,2,0,0,2
Удмуртская Республика,2020-03-24,2,0,0,2
Удмуртская Республика,2020-03-25,2,0,0,2
Удмуртская Республика,2020-03-26,2,0,0,2
Удмуртская Республика,2020-03-27,4,0,0,4
Удмуртская Республика,2020-03-28,4,0,0,4
Удмуртская Республика,2020-03-29,4,0,0,4
Удмуртская Республика,2020-03-30,4,0,0,4
Удмуртская Республика,2020-03-31,4,0,0,4
Удмуртская Республика,2020-04-01,4,0,3,1
Удмуртская Республика,2020-04-02,4,0,3,1
Удмуртская Республика,2020-04-03,4,0,3,1
Удмуртская Республика,2020-04-04,5,0,3,2
Удмуртская Республика,2020-04-05,5,0,3,2
Удмуртская Республика,2020-04-06,5,0,3,2
Удмуртская Республика,2020-04-07,9,0,3,6
Удмуртская Республика,2020-04-08,9,0,3,6
Удмуртская Республика,2020-04-09,9,0,3,6
Удмуртская Республика,2020-04-10,11,0,3,8
Удмуртская Республика,2020-04-11,11,0,3,8
Удмуртская Республика,2020-04-12,13,0,3,10
Удмуртская Республика,2020-04-13,13,0,3,10
Удмуртская Республика,2020-04-14,19,0,3,16
Удмуртская Республика,2020-04-15,27,0,4,23
Удмуртская Республика,2020-04-16,42,0,4,38
Удмуртская Республика,2020-04-17,58,3,6,49
Кабардино-Балкарская Республика,2020-03-22,2,0,0,2
Кабардино-Балкарская Республика,2020-03-23,2,0,0,2
Кабардино-Балкарская Республика,2020-03-24,2,0,0,2
Кабардино-Балкарская Республика,2020-03-25,4,0,0,4
Кабардино-Балкарская Республика,2020-03-26,4,0,0,4
Кабардино-Балкарская Республика,2020-03-27,4,0,0,4
Кабардино-Балкарская Республика,2020-03-28,4,0,0,4
Кабардино-Балкарская Республика,2020-03-29,4,0,0,4
Кабардино-Балкарская Республика,2020-03-30,6,0,0,6
Кабардино-Балкарская Республика,2020-03-31,6,0,0,6
Кабардино-Балкарская Республика,2020-04-01,8,0,0,8
Кабардино-Балкарская Республика,2020-04-02,8,0,0,8
Кабардино-Балкарская Республика,2020-04-03,8,0,0,8
Кабардино-Балкарская Республика,2020-04-04,8,0,0,8
Кабардино-Балкарская Республика,2020-04-05,8,0,0,8
Кабардино-Балкарская Республика,2020-04-06,8,0,0,8
Кабардино-Балкарская Республика,2020-04-07,13,0,0,13
Кабардино-Балкарская Республика,2020-04-08,23,0,1,22
Кабардино-Балкарская Республика,2020-04-09,23,0,1,22
Кабардино-Балкарская Республика,2020-04-10,27,0,2,25
Кабардино-Балкарская Республика,2020-04-11,30,0,2,28
Кабардино-Балкарская Республика,2020-04-12,35,0,3,32
Кабардино-Балкарская Республика,2020-04-13,50,0,3,47
Кабардино-Балкарская Республика,2020-04-14,50,0,3,47
Кабардино-Балкарская Республика,2020-04-15,50,0,3,47
Кабардино-Балкарская Республика,2020-04-16,69,0,3,66
Кабардино-Балкарская Республика,2020-04-17,92,0,3,89
Воронежская область,2020-03-22,2,0,0,2
Воронежская область,2020-03-23,2,0,0,2
Воронежская область,2020-03-24,6,0,0,6
Воронежская область,2020-03-25,6,0,0,6
Воронежская область,2020-03-26,6,0,0,6
Воронежская область,2020-03-27,6,0,0,6
Воронежская область,2020-03-28,6,0,0,6
Воронежская область,2020-03-29,6,0,0,6
Воронежская область,2020-03-30,6,0,0,6
Воронежская область,2020-03-31,8,0,0,8
Воронежская область,2020-04-01,12,0,2,10
Воронежская область,2020-04-02,12,0,2,10
Воронежская область,2020-04-03,12,0,2,10
Воронежская область,2020-04-04,14,0,2,12
Воронежская область,2020-04-05,14,0,4,10
Воронежская область,2020-04-06,23,0,4,19
Воронежская область,2020-04-07,23,0,9,14
Воронежская область,2020-04-08,33,0,9,24
Воронежская область,2020-04-09,33,0,9,24
Воронежская область,2020-04-10,37,0,9,28
Воронежская область,2020-04-11,37,0,10,27
Воронежская область,2020-04-12,49,0,12,37
Воронежская область,2020-04-13,60,0,12,48
Воронежская область,2020-04-14,68,1,16,51
Воронежская область,2020-04-15,75,1,19,55
Воронежская область,2020-04-16,89,1,20,68
Воронежская область,2020-04-17,108,1,24,83
Кемеровская область,2020-03-22,2,0,0,2
Кемеровская область,2020-03-23,2,0,0,2
Кемеровская область,2020-03-24,2,0,1,1
Кемеровская область,2020-03-25,2,0,1,1
Кемеровская область,2020-03-26,3,0,1,2
Кемеровская область,2020-03-27,3,0,1,2
Кемеровская область,2020-03-28,3,0,1,2
Кемеровская область,2020-03-29,3,0,2,1
Кемеровская область,2020-03-30,3,0,2,1
Кемеровская область,2020-03-31,3,0,2,1
Кемеровская область,2020-04-01,3,0,2,1
Кемеровская область,2020-04-02,3,0,2,1
Кемеровская область,2020-04-03,3,0,2,1
Кемеровская область,2020-04-04,3,0,2,1
Кемеровская область,2020-04-05,3,0,2,1
Кемеровская область,2020-04-06,5,0,2,3
Кемеровская область,2020-04-07,5,0,2,3
Кемеровская область,2020-04-08,7,0,2,5
Кемеровская область,2020-04-09,7,0,3,4
Кемеровская область,2020-04-10,11,0,3,8
Кемеровская область,2020-04-11,12,0,3,9
Кемеровская область,2020-04-12,12,0,3,9
Кемеровская область,2020-04-13,14,0,3,11
Кемеровская область,2020-04-14,14,0,3,11
Кемеровская область,2020-04-15,15,0,4,11
Кемеровская область,2020-04-16,18,0,5,13
Кемеровская область,2020-04-17,22,0,5,17
Архангельская область,2020-03-22,2,0,0,2
Архангельская область,2020-03-23,2,0,0,2
Архангельская область,2020-03-24,2,0,0,2
Архангельская область,2020-03-25,3,0,0,3
Архангельская область,2020-03-26,3,0,0,3
Архангельская область,2020-03-27,3,0,0,3
Архангельская область,2020-03-28,3,0,0,3
Архангельская область,2020-03-29,3,0,0,3
Архангельская область,2020-03-30,7,0,0,7
Архангельская область,2020-03-31,7,0,0,7
Архангельская область,2020-04-01,7,0,0,7
Архангельская область,2020-04-02,7,0,0,7
Архангельская область,2020-04-03,8,0,0,8
Архангельская область,2020-04-04,8,0,0,8
Архангельская область,2020-04-05,8,0,3,5
Архангельская область,2020-04-06,14,0,3,11
Архангельская область,2020-04-07,14,0,3,11
Архангельская область,2020-04-08,14,0,3,11
Архангельская область,2020-04-09,24,0,4,20
Архангельская область,2020-04-10,24,0,4,20
Архангельская область,2020-04-11,24,0,5,19
Архангельская область,2020-04-12,24,0,5,19
Архангельская область,2020-04-13,31,0,5,26
Архангельская область,2020-04-14,32,0,5,27
Архангельская область,2020-04-15,32,0,10,22
Архангельская область,2020-04-16,33,0,10,23
Архангельская область,2020-04-17,34,0,11,23
Рязанская область,2020-03-22,2,0,0,2
Рязанская область,2020-03-23,2,0,0,2
Рязанская область,2020-03-24,2,0,0,2
Рязанская область,2020-03-25,2,0,0,2
Рязанская область,2020-03-26,2,0,0,2
Рязанская область,2020-03-27,2,0,0,2
Рязанская область,2020-03-28,2,0,0,2
Рязанская область,2020-03-29,3,0,0,3
Рязанская область,2020-03-30,5,0,0,5
Рязанская область,2020-03-31,5,0,0,5
Рязанская область,2020-04-01,5,0,1,4
Рязанская область,2020-04-02,5,0,1,4
Рязанская область,2020-04-03,6,0,1,5
Рязанская область,2020-04-04,12,0,2,10
Рязанская область,2020-04-05,12,0,2,10
Рязанская область,2020-04-06,17,0,2,15
Рязанская область,2020-04-07,17,0,2,15
Рязанская область,2020-04-08,32,0,2,30
Рязанская область,2020-04-09,32,0,3,29
Рязанская область,2020-04-10,38,0,3,35
Рязанская область,2020-04-11,55,0,4,51
Рязанская область,2020-04-12,71,0,4,67
Рязанская область,2020-04-13,89,0,4,85
Рязанская область,2020-04-14,116,0,4,112
Рязанская область,2020-04-15,116,0,4,112
Рязанская область,2020-04-16,154,0,4,150
Рязанская область,2020-04-17,184,0,4,180
Ханты-Мансийский АО,2020-03-22,2,0,0,2
Ханты-Мансийский АО,2020-03-23,2,0,0,2
Ханты-Мансийский АО,2020-03-24,2,0,0,2
Ханты-Мансийский АО,2020-03-25,2,0,0,2
Ханты-Мансийский АО,2020-03-26,4,0,0,4
Ханты-Мансийский АО,2020-03-27,4,0,0,4
Ханты-Мансийский АО,2020-03-28,4,0,0,4
Ханты-Мансийский АО,2020-03-29,5,0,0,5
Ханты-Мансийский АО,2020-03-30,5,0,0,5
Ханты-Мансийский АО,2020-03-31,5,0,0,5
Ханты-Мансийский АО,2020-04-01,8,0,0,8
Ханты-Мансийский АО,2020-04-02,8,0,0,8
Ханты-Мансийский АО,2020-04-03,16,0,2,14
Ханты-Мансийский АО,2020-04-04,16,0,2,14
Ханты-Мансийский АО,2020-04-05,19,0,2,17
Ханты-Мансийский АО,2020-04-06,19,0,2,17
Ханты-Мансийский АО,2020-04-07,38,0,2,36
Ханты-Мансийский АО,2020-04-08,41,0,3,38
Ханты-Мансийский АО,2020-04-09,41,0,3,38
Ханты-Мансийский АО,2020-04-10,41,0,4,37
Ханты-Мансийский АО,2020-04-11,41,0,5,36
Ханты-Мансийский АО,2020-04-12,41,0,5,36
Ханты-Мансийский АО,2020-04-13,41,0,5,36
Ханты-Мансийский АО,2020-04-14,56,0,5,51
Ханты-Мансийский АО,2020-04-15,71,0,9,62
Ханты-Мансийский АО,2020-04-16,110,0,15,95
Ханты-Мансийский АО,2020-04-17,128,0,15,113
Пензенская область,2020-03-22,1,0,0,1
Пензенская область,2020-03-23,1,0,0,1
Пензенская область,2020-03-24,1,0,0,1
Пензенская область,2020-03-25,2,0,0,2
Пензенская область,2020-03-26,2,0,0,2
Пензенская область,2020-03-27,2,0,0,2
Пензенская область,2020-03-28,2,0,0,2
Пензенская область,2020-03-29,7,0,0,7
Пензенская область,2020-03-30,7,0,0,7
Пензенская область,2020-03-31,12,1,0,11
Пензенская область,2020-04-01,16,1,0,15
Пензенская область,2020-04-02,16,1,0,15
Пензенская область,2020-04-03,27,1,0,26
Пензенская область,2020-04-04,27,1,0,26
Пензенская область,2020-04-05,27,1,1,25
Пензенская область,2020-04-06,32,1,1,30
Пензенская область,2020-04-07,51,1,1,49
Пензенская область,2020-04-08,52,1,1,50
Пензенская область,2020-04-09,52,1,1,50
Пензенская область,2020-04-10,67,1,1,65
Пензенская область,2020-04-11,67,1,1,65
Пензенская область,2020-04-12,67,1,1,65
Пензенская область,2020-04-13,84,1,1,82
Пензенская область,2020-04-14,84,1,1,82
Пензенская область,2020-04-15,100,2,4,94
Пензенская область,2020-04-16,107,2,4,101
Пензенская область,2020-04-17,119,2,4,113
Республика Коми,2020-03-22,1,0,0,1
Республика Коми,2020-03-23,1,0,0,1
Республика Коми,2020-03-24,1,0,0,1
Республика Коми,2020-03-25,3,0,0,3
Республика Коми,2020-03-26,3,0,0,3
Республика Коми,2020-03-27,3,0,0,3
Республика Коми,2020-03-28,3,0,0,3
Республика Коми,2020-03-29,7,0,0,7
Республика Коми,2020-03-30,22,0,0,22
Республика Коми,2020-03-31,22,0,0,22
Республика Коми,2020-04-01,54,0,0,54
Республика Коми,2020-04-02,56,0,1,55
Республика Коми,2020-04-03,56,2,1,53
Республика Коми,2020-04-04,59,2,1,56
Республика Коми,2020-04-05,59,2,1,56
Республика Коми,2020-04-06,90,3,1,86
Республика Коми,2020-04-07,101,3,1,97
Республика Коми,2020-04-08,119,3,1,115
Республика Коми,2020-04-09,150,3,1,146
Республика Коми,2020-04-10,208,3,1,204
Республика Коми,2020-04-11,208,3,1,204
Республика Коми,2020-04-12,208,3,1,204
Республика Коми,2020-04-13,208,3,1,204
Республика Коми,2020-04-14,305,3,1,301
Республика Коми,2020-04-15,402,3,1,398
Республика Коми,2020-04-16,441,3,6,432
Республика Коми,2020-04-17,455,3,6,446
Мурманская область,2020-03-22,1,0,0,1
Мурманская область,2020-03-23,1,0,0,1
Мурманская область,2020-03-24,1,0,0,1
Мурманская область,2020-03-25,1,0,0,1
Мурманская область,2020-03-26,1,0,0,1
Мурманская область,2020-03-27,1,0,0,1
Мурманская область,2020-03-28,1,0,0,1
Мурманская область,2020-03-29,3,0,0,3
Мурманская область,2020-03-30,5,0,1,4
Мурманская область,2020-03-31,11,0,1,10
Мурманская область,2020-04-01,11,0,1,10
Мурманская область,2020-04-02,15,0,1,14
Мурманская область,2020-04-03,15,0,1,14
Мурманская область,2020-04-04,15,0,1,14
Мурманская область,2020-04-05,15,0,1,14
Мурманская область,2020-04-06,18,0,1,17
Мурманская область,2020-04-07,18,0,1,17
Мурманская область,2020-04-08,43,0,2,41
Мурманская область,2020-04-09,44,0,5,39
Мурманская область,2020-04-10,67,0,5,62
Мурманская область,2020-04-11,67,0,6,61
Мурманская область,2020-04-12,128,0,10,118
Мурманская область,2020-04-13,128,1,10,117
Мурманская область,2020-04-14,128,1,10,117
Мурманская область,2020-04-15,265,1,14,250
Мурманская область,2020-04-16,306,1,15,290
Мурманская область,2020-04-17,314,1,21,292
Республика Чувашия,2020-03-22,1,0,0,1
Республика Чувашия,2020-03-23,1,0,0,1
Республика Чувашия,2020-03-24,1,0,0,1
Республика Чувашия,2020-03-25,1,0,0,1
Республика Чувашия,2020-03-26,1,0,0,1
Республика Чувашия,2020-03-27,1,0,0,1
Республика Чувашия,2020-03-28,1,0,0,1
Республика Чувашия,2020-03-29,1,0,0,1
Республика Чувашия,2020-03-30,1,0,0,1
Республика Чувашия,2020-03-31,1,0,0,1
Республика Чувашия,2020-04-01,1,0,0,1
Республика Чувашия,2020-04-02,1,0,0,1
Республика Чувашия,2020-04-03,1,0,0,1
Республика Чувашия,2020-04-04,1,0,0,1
Республика Чувашия,2020-04-05,1,0,1,0
Республика Чувашия,2020-04-06,3,0,1,2
Республика Чувашия,2020-04-07,6,0,1,5
Республика Чувашия,2020-04-08,15,0,1,14
Республика Чувашия,2020-04-09,17,0,1,16
Республика Чувашия,2020-04-10,32,0,1,31
Республика Чувашия,2020-04-11,39,0,1,38
Республика Чувашия,2020-04-12,50,0,2,48
Республика Чувашия,2020-04-13,65,0,2,63
Республика Чувашия,2020-04-14,65,0,2,63
Республика Чувашия,2020-04-15,78,0,2,76
Республика Чувашия,2020-04-16,125,1,2,122
Республика Чувашия,2020-04-17,137,1,2,134
Ленинградская область,2020-03-22,1,0,0,1
Ленинградская область,2020-03-23,1,0,0,1
Ленинградская область,2020-03-24,3,0,0,3
Ленинградская область,2020-03-25,3,0,0,3
Ленинградская область,2020-03-26,3,0,0,3
Ленинградская область,2020-03-27,3,0,0,3
Ленинградская область,2020-03-28,7,0,0,7
Ленинградская область,2020-03-29,9,0,0,9
Ленинградская область,2020-03-30,11,0,0,11
Ленинградская область,2020-03-31,14,0,1,13
Ленинградская область,2020-04-01,20,0,1,19
Ленинградская область,2020-04-02,31,0,1,30
Ленинградская область,2020-04-03,41,0,1,40
Ленинградская область,2020-04-04,47,0,1,46
Ленинградская область,2020-04-05,57,0,1,56
Ленинградская область,2020-04-06,62,0,1,61
Ленинградская область,2020-04-07,62,0,1,61
Ленинградская область,2020-04-08,94,0,2,92
Ленинградская область,2020-04-09,112,0,3,109
Ленинградская область,2020-04-10,129,0,3,126
Ленинградская область,2020-04-11,134,0,3,131
Ленинградская область,2020-04-12,139,0,3,136
Ленинградская область,2020-04-13,155,0,3,152
Ленинградская область,2020-04-14,190,0,5,185
Ленинградская область,2020-04-15,298,0,5,293
Ленинградская область,2020-04-16,330,0,5,325
Ленинградская область,2020-04-17,354,0,9,345
Ставропольский край,2020-03-22,1,0,0,1
Ставропольский край,2020-03-23,1,0,0,1
Ставропольский край,2020-03-24,1,0,0,1
Ставропольский край,2020-03-25,2,0,0,2
Ставропольский край,2020-03-26,5,0,0,5
Ставропольский край,2020-03-27,5,0,0,5
Ставропольский край,2020-03-28,5,0,0,5
Ставропольский край,2020-03-29,5,0,0,5
Ставропольский край,2020-03-30,6,0,0,6
Ставропольский край,2020-03-31,6,0,0,6
Ставропольский край,2020-04-01,6,0,0,6
Ставропольский край,2020-04-02,11,0,1,10
Ставропольский край,2020-04-03,11,0,1,10
Ставропольский край,2020-04-04,11,0,1,10
Ставропольский край,2020-04-05,11,0,2,9
Ставропольский край,2020-04-06,20,0,2,18
Ставропольский край,2020-04-07,39,0,2,37
Ставропольский край,2020-04-08,39,0,5,34
Ставропольский край,2020-04-09,42,0,6,36
Ставропольский край,2020-04-10,52,1,6,45
Ставропольский край,2020-04-11,66,2,9,55
Ставропольский край,2020-04-12,74,2,10,62
Ставропольский край,2020-04-13,86,2,10,74
Ставропольский край,2020-04-14,95,2,10,83
Ставропольский край,2020-04-15,115,2,11,102
Ставропольский край,2020-04-16,143,2,11,130
Ставропольский край,2020-04-17,155,2,19,134
Республика Крым,2020-03-22,1,0,0,1
Республика Крым,2020-03-23,1,0,0,1
Республика Крым,2020-03-24,1,0,0,1
Республика Крым,2020-03-25,7,0,0,7
Республика Крым,2020-03-26,7,0,0,7
Республика Крым,2020-03-27,19,0,0,19
Республика Крым,2020-03-28,20,0,0,20
Республика Крым,2020-03-29,20,0,0,20
Республика Крым,2020-03-30,15,0,0,15
Республика Крым,2020-03-31,16,0,0,16
Республика Крым,2020-04-01,16,0,0,16
Республика Крым,2020-04-02,16,0,1,15
Республика Крым,2020-04-03,18,0,1,17
Республика Крым,2020-04-04,18,0,3,15
Республика Крым,2020-04-05,20,0,3,17
Республика Крым,2020-04-06,21,0,6,15
Республика Крым,2020-04-07,22,0,6,16
Республика Крым,2020-04-08,23,0,6,17
Республика Крым,2020-04-09,26,0,7,19
Республика Крым,2020-04-10,29,0,7,22
Республика Крым,2020-04-11,29,0,7,22
Республика Крым,2020-04-12,31,0,12,19
Республика Крым,2020-04-13,32,0,12,20
Республика Крым,2020-04-14,32,0,12,20
Республика Крым,2020-04-15,34,0,12,22
Республика Крым,2020-04-16,37,0,14,23
Республика Крым,2020-04-17,40,0,14,26
Калужская область,2020-03-22,1,0,0,1
Калужская область,2020-03-23,1,0,0,1
Калужская область,2020-03-24,2,0,0,2
Калужская область,2020-03-25,2,0,0,2
Калужская область,2020-03-26,2,0,0,2
Калужская область,2020-03-27,2,0,0,2
Калужская область,2020-03-28,2,0,0,2
Калужская область,2020-03-29,2,0,0,2
Калужская область,2020-03-30,3,0,0,3
Калужская область,2020-03-31,3,0,0,3
Калужская область,2020-04-01,3,0,0,3
Калужская область,2020-04-02,5,0,1,4
Калужская область,2020-04-03,5,0,1,4
Калужская область,2020-04-04,6,0,1,5
Калужская область,2020-04-05,6,0,1,5
Калужская область,2020-04-06,7,0,1,6
Калужская область,2020-04-07,11,0,1,10
Калужская область,2020-04-08,11,0,1,10
Калужская область,2020-04-09,11,0,1,10
Калужская область,2020-04-10,18,0,2,16
Калужская область,2020-04-11,24,0,3,21
Калужская область,2020-04-12,24,0,5,19
Калужская область,2020-04-13,34,0,5,29
Калужская область,2020-04-14,49,0,5,44
Калужская область,2020-04-15,74,0,5,69
Калужская область,2020-04-16,102,1,8,93
Калужская область,2020-04-17,122,1,9,112
Курганская область,2020-03-22,1,0,0,1
Курганская область,2020-03-23,1,0,0,1
Курганская область,2020-03-24,1,0,0,1
Курганская область,2020-03-25,1,0,0,1
Курганская область,2020-03-26,1,0,0,1
Курганская область,2020-03-27,1,0,0,1
Курганская область,2020-03-28,1,0,0,1
Курганская область,2020-03-29,1,0,0,1
Курганская область,2020-03-30,1,0,0,1
Курганская область,2020-03-31,1,0,1,0
Курганская область,2020-04-01,1,0,1,0
Курганская область,2020-04-02,1,0,1,0
Курганская область,2020-04-03,1,0,1,0
Курганская область,2020-04-04,2,0,1,1
Курганская область,2020-04-05,2,0,1,1
Курганская область,2020-04-06,2,0,1,1
Курганская область,2020-04-07,2,0,1,1
Курганская область,2020-04-08,3,0,1,2
Курганская область,2020-04-09,3,0,1,2
Курганская область,2020-04-10,3,0,1,2
Курганская область,2020-04-11,3,0,1,2
Курганская область,2020-04-12,4,0,1,3
Курганская область,2020-04-13,4,0,1,3
Курганская область,2020-04-14,4,0,1,3
Курганская область,2020-04-15,10,0,1,9
Курганская область,2020-04-16,11,0,3,8
Курганская область,2020-04-17,12,0,3,9
Брянская область,2020-03-22,1,0,0,1
Брянская область,2020-03-23,1,0,0,1
Брянская область,2020-03-24,1,0,0,1
Брянская область,2020-03-25,2,0,0,2
Брянская область,2020-03-26,2,0,0,2
Брянская область,2020-03-27,2,0,0,2
Брянская область,2020-03-28,3,0,0,3
Брянская область,2020-03-29,3,0,0,3
Брянская область,2020-03-30,3,0,0,3
Брянская область,2020-03-31,3,0,0,3
Брянская область,2020-04-01,5,0,0,5
Брянская область,2020-04-02,5,0,0,5
Брянская область,2020-04-03,7,0,0,7
Брянская область,2020-04-04,19,0,0,19
Брянская область,2020-04-05,19,0,0,19
Брянская область,2020-04-06,24,0,0,24
Брянская область,2020-04-07,56,0,0,56
Брянская область,2020-04-08,57,0,0,57
Брянская область,2020-04-09,97,0,3,94
Брянская область,2020-04-10,97,0,3,94
Брянская область,2020-04-11,123,0,3,120
Брянская область,2020-04-12,141,0,3,138
Брянская область,2020-04-13,142,0,3,139
Брянская область,2020-04-14,142,0,7,135
Брянская область,2020-04-15,164,0,12,152
Брянская область,2020-04-16,201,0,23,178
Брянская область,2020-04-17,228,1,23,204
Саратовская область,2020-03-22,1,0,0,1
Саратовская область,2020-03-23,1,0,0,1
Саратовская область,2020-03-24,1,0,0,1
Саратовская область,2020-03-25,1,0,0,1
Саратовская область,2020-03-26,1,0,0,1
Саратовская область,2020-03-27,1,0,0,1
Саратовская область,2020-03-28,2,0,0,2
Саратовская область,2020-03-29,2,0,0,2
Саратовская область,2020-03-30,4,0,0,4
Саратовская область,2020-03-31,4,0,0,4
Саратовская область,2020-04-01,15,0,1,14
Саратовская область,2020-04-02,15,0,1,14
Саратовская область,2020-04-03,19,0,1,18
Саратовская область,2020-04-04,19,0,1,18
Саратовская область,2020-04-05,19,0,1,18
Саратовская область,2020-04-06,19,0,1,18
Саратовская область,2020-04-07,25,0,1,24
Саратовская область,2020-04-08,26,0,1,25
Саратовская область,2020-04-09,30,0,1,29
Саратовская область,2020-04-10,34,0,2,32
Саратовская область,2020-04-11,35,0,2,33
Саратовская область,2020-04-12,42,0,2,40
Саратовская область,2020-04-13,44,0,4,40
Саратовская область,2020-04-14,49,0,6,43
Саратовская область,2020-04-15,56,0,8,48
Саратовская область,2020-04-16,70,0,8,62
Саратовская область,2020-04-17,87,0,13,74
Ярославская область,2020-03-22,1,0,0,1
Ярославская область,2020-03-23,1,0,0,1
Ярославская область,2020-03-24,1,0,0,1
Ярославская область,2020-03-25,1,0,0,1
Ярославская область,2020-03-26,1,0,0,1
Ярославская область,2020-03-27,2,0,0,2
Ярославская область,2020-03-28,2,0,0,2
Ярославская область,2020-03-29,3,0,0,3
Ярославская область,2020-03-30,3,0,0,3
Ярославская область,2020-03-31,3,0,1,2
Ярославская область,2020-04-01,3,0,1,2
Ярославская область,2020-04-02,3,0,1,2
Ярославская область,2020-04-03,3,0,1,2
Ярославская область,2020-04-04,5,0,1,4
Ярославская область,2020-04-05,6,0,1,5
Ярославская область,2020-04-06,6,0,1,5
Ярославская область,2020-04-07,11,0,1,10
Ярославская область,2020-04-08,11,0,1,10
Ярославская область,2020-04-09,13,0,2,11
Ярославская область,2020-04-10,13,0,2,11
Ярославская область,2020-04-11,13,0,2,11
Ярославская область,2020-04-12,27,0,3,24
Ярославская область,2020-04-13,27,0,3,24
Ярославская область,2020-04-14,27,0,6,21
Ярославская область,2020-04-15,39,0,7,32
Ярославская область,2020-04-16,62,0,7,55
Ярославская область,2020-04-17,81,0,7,74
Забайкальский край,2020-03-22,1,0,1,0
Забайкальский край,2020-03-23,1,0,1,0
Забайкальский край,2020-03-24,1,0,1,0
Забайкальский край,2020-03-25,1,0,1,0
Забайкальский край,2020-03-26,1,0,1,0
Забайкальский край,2020-03-27,1,0,1,0
Забайкальский край,2020-03-28,1,0,1,0
Забайкальский край,2020-03-29,1,0,1,0
Забайкальский край,2020-03-30,1,0,1,0
Забайкальский край,2020-03-31,1,0,1,0
Забайкальский край,2020-04-01,1,0,1,0
Забайкальский край,2020-04-02,1,0,1,0
Забайкальский край,2020-04-03,1,0,1,0
Забайкальский край,2020-04-04,1,0,1,0
Забайкальский край,2020-04-05,1,0,1,0
Забайкальский край,2020-04-06,1,0,1,0
Забайкальский край,2020-04-07,1,0,1,0
Забайкальский край,2020-04-08,4,0,1,3
Забайкальский край,2020-04-09,4,0,1,3
Забайкальский край,2020-04-10,4,0,1,3
Забайкальский край,2020-04-11,4,0,1,3
Забайкальский край,2020-04-12,8,0,1,7
Забайкальский край,2020-04-13,14,0,1,13
Забайкальский край,2020-04-14,14,0,1,13
Забайкальский край,2020-04-15,14,0,1,13
Забайкальский край,2020-04-16,28,0,1,27
Забайкальский край,2020-04-17,30,0,1,29
Ивановская область,2020-03-22,1,0,0,1
Ивановская область,2020-03-23,1,0,0,1
Ивановская область,2020-03-24,1,0,0,1
Ивановская область,2020-03-25,1,0,0,1
Ивановская область,2020-03-26,1,0,0,1
Ивановская область,2020-03-27,2,0,0,2
Ивановская область,2020-03-28,7,0,0,7
Ивановская область,2020-03-29,7,0,0,7
Ивановская область,2020-03-30,9,0,0,9
Ивановская область,2020-03-31,9,0,0,9
Ивановская область,2020-04-01,11,0,0,11
Ивановская область,2020-04-02,11,0,1,10
Ивановская область,2020-04-03,13,0,1,12
Ивановская область,2020-04-04,23,0,1,22
Ивановская область,2020-04-05,23,0,1,22
Ивановская область,2020-04-06,33,0,1,32
Ивановская область,2020-04-07,47,0,1,46
Ивановская область,2020-04-08,47,0,1,46
Ивановская область,2020-04-09,60,0,7,53
Ивановская область,2020-04-10,60,0,7,53
Ивановская область,2020-04-11,62,0,7,55
Ивановская область,2020-04-12,80,0,7,73
Ивановская область,2020-04-13,86,0,7,79
Ивановская область,2020-04-14,96,0,8,88
Ивановская область,2020-04-15,121,0,8,113
Ивановская область,2020-04-16,136,0,8,128
Ивановская область,2020-04-17,149,0,10,139
Белгородская область,2020-03-22,1,0,0,1
Белгородская область,2020-03-23,1,0,0,1
Белгородская область,2020-03-24,1,0,0,1
Белгородская область,2020-03-25,1,0,0,1
Белгородская область,2020-03-26,1,0,0,1
Белгородская область,2020-03-27,1,0,0,1
Белгородская область,2020-03-28,1,0,0,1
Белгородская область,2020-03-29,2,0,0,2
Белгородская область,2020-03-30,5,0,0,5
Белгородская область,2020-03-31,5,0,0,5
Белгородская область,2020-04-01,5,0,0,5
Белгородская область,2020-04-02,6,0,0,6
Белгородская область,2020-04-03,6,0,0,6
Белгородская область,2020-04-04,7,0,0,7
Белгородская область,2020-04-05,7,0,0,7
Белгородская область,2020-04-06,11,0,0,11
Белгородская область,2020-04-07,14,0,1,13
Белгородская область,2020-04-08,18,0,1,17
Белгородская область,2020-04-09,18,0,1,17
Белгородская область,2020-04-10,26,0,1,25
Белгородская область,2020-04-11,26,0,2,24
Белгородская область,2020-04-12,31,0,3,28
Белгородская область,2020-04-13,31,0,3,28
Белгородская область,2020-04-14,41,0,3,38
Белгородская область,2020-04-15,45,1,3,41
Белгородская область,2020-04-16,58,2,3,53
Белгородская область,2020-04-17,70,2,9,59
Ульяновская область,2020-03-22,1,0,0,1
Ульяновская область,2020-03-23,1,0,0,1
Ульяновская область,2020-03-24,1,0,0,1
Ульяновская область,2020-03-25,1,0,0,1
Ульяновская область,2020-03-26,1,0,0,1
Ульяновская область,2020-03-27,1,0,0,1
Ульяновская область,2020-03-28,1,0,0,1
Ульяновская область,2020-03-29,1,0,0,1
Ульяновская область,2020-03-30,1,0,0,1
Ульяновская область,2020-03-31,1,0,0,1
Ульяновская область,2020-04-01,1,0,0,1
Ульяновская область,2020-04-02,1,0,0,1
Ульяновская область,2020-04-03,1,0,1,0
Ульяновская область,2020-04-04,1,0,1,0
Ульяновская область,2020-04-05,1,0,1,0
Ульяновская область,2020-04-06,2,0,1,1
Ульяновская область,2020-04-07,4,0,1,3
Ульяновская область,2020-04-08,4,0,1,3
Ульяновская область,2020-04-09,6,0,1,5
Ульяновская область,2020-04-10,40,0,2,38
Ульяновская область,2020-04-11,62,0,2,60
Ульяновская область,2020-04-12,70,0,2,68
Ульяновская область,2020-04-13,86,0,2,84
Ульяновская область,2020-04-14,86,0,2,84
Ульяновская область,2020-04-15,104,0,2,102
Ульяновская область,2020-04-16,123,0,2,121
Ульяновская область,2020-04-17,138,2,2,134
Новгородская область,2020-03-22,1,0,0,1
Новгородская область,2020-03-23,1,0,0,1
Новгородская область,2020-03-24,1,0,0,1
Новгородская область,2020-03-25,1,0,0,1
Новгородская область,2020-03-26,1,0,0,1
Новгородская область,2020-03-27,1,0,0,1
Новгородская область,2020-03-28,1,0,0,1
Новгородская область,2020-03-29,3,0,0,3
Новгородская область,2020-03-30,3,0,0,3
Новгородская область,2020-03-31,3,0,0,3
Новгородская область,2020-04-01,3,0,0,3
Новгородская область,2020-04-02,3,0,0,3
Новгородская область,2020-04-03,3,0,0,3
Новгородская область,2020-04-04,3,0,0,3
Новгородская область,2020-04-05,3,0,0,3
Новгородская область,2020-04-06,5,0,0,5
Новгородская область,2020-04-07,5,0,0,5
Новгородская область,2020-04-08,5,0,0,5
Новгородская область,2020-04-09,12,0,2,10
Новгородская область,2020-04-10,18,0,3,15
Новгородская область,2020-04-11,18,0,4,14
Новгородская область,2020-04-12,18,0,4,14
Новгородская область,2020-04-13,26,0,4,22
Новгородская область,2020-04-14,26,0,4,22
Новгородская область,2020-04-15,26,0,4,22
Новгородская область,2020-04-16,53,0,4,49
Новгородская область,2020-04-17,74,0,4,70
Челябинская область ,2020-03-22,1,0,0,1
Челябинская область ,2020-03-23,1,0,0,1
Челябинская область ,2020-03-24,1,0,0,1
Челябинская область ,2020-03-25,2,0,0,2
Челябинская область ,2020-03-26,5,0,0,5
Челябинская область ,2020-03-27,5,0,0,5
Челябинская область ,2020-03-28,9,0,0,9
Челябинская область ,2020-03-29,12,0,0,12
Челябинская область ,2020-03-30,14,0,0,14
Челябинская область ,2020-03-31,14,0,0,14
Челябинская область ,2020-04-01,21,0,0,21
Челябинская область ,2020-04-02,21,0,2,19
Челябинская область ,2020-04-03,23,0,2,21
Челябинская область ,2020-04-04,26,0,2,24
Челябинская область ,2020-04-05,27,0,2,25
Челябинская область ,2020-04-06,31,0,2,29
Челябинская область ,2020-04-07,32,0,4,28
Челябинская область ,2020-04-08,32,0,4,28
Челябинская область ,2020-04-09,34,0,6,28
Челябинская область ,2020-04-10,34,0,10,24
Челябинская область ,2020-04-11,40,0,10,30
Челябинская область ,2020-04-12,40,0,11,29
Челябинская область ,2020-04-13,43,0,12,31
Челябинская область ,2020-04-14,48,0,12,36
Челябинская область ,2020-04-15,51,0,13,38
Челябинская область ,2020-04-16,53,0,22,31
Челябинская область ,2020-04-17,57,0,26,31
Томская область,2020-03-22,1,0,0,1
Томская область,2020-03-23,1,0,0,1
Томская область,2020-03-24,1,0,0,1
Томская область,2020-03-25,1,0,0,1
Томская область,2020-03-26,2,0,0,2
Томская область,2020-03-27,2,0,0,2
Томская область,2020-03-28,2,0,1,1
Томская область,2020-03-29,3,0,1,2
Томская область,2020-03-30,3,0,1,2
Томская область,2020-03-31,3,0,1,2
Томская область,2020-04-01,3,0,1,2
Томская область,2020-04-02,3,0,1,2
Томская область,2020-04-03,3,0,1,2
Томская область,2020-04-04,3,0,1,2
Томская область,2020-04-05,3,0,1,2
Томская область,2020-04-06,3,0,1,2
Томская область,2020-04-07,3,0,1,2
Томская область,2020-04-08,4,0,1,3
Томская область,2020-04-09,4,0,1,3
Томская область,2020-04-10,4,0,1,3
Томская область,2020-04-11,4,0,3,1
Томская область,2020-04-12,4,0,3,1
Томская область,2020-04-13,8,0,3,5
Томская область,2020-04-14,15,0,4,11
Томская область,2020-04-15,15,0,4,11
Томская область,2020-04-16,21,0,4,17
Томская область,2020-04-17,21,0,4,17
Оренбургская область,2020-03-22,1,0,0,1
Оренбургская область,2020-03-23,1,0,0,1
Оренбургская область,2020-03-24,1,0,0,1
Оренбургская область,2020-03-25,4,0,0,4
Оренбургская область,2020-03-26,4,0,0,4
Оренбургская область,2020-03-27,4,0,0,4
Оренбургская область,2020-03-28,6,0,0,6
Оренбургская область,2020-03-29,6,1,0,5
Оренбургская область,2020-03-30,7,1,0,6
Оренбургская область,2020-03-31,7,1,0,6
Оренбургская область,2020-04-01,7,1,0,6
Оренбургская область,2020-04-02,12,1,0,11
Оренбургская область,2020-04-03,12,1,0,11
Оренбургская область,2020-04-04,12,1,1,10
Оренбургская область,2020-04-05,12,1,1,10
Оренбургская область,2020-04-06,14,1,1,12
Оренбургская область,2020-04-07,14,1,1,12
Оренбургская область,2020-04-08,22,1,1,20
Оренбургская область,2020-04-09,22,1,4,17
Оренбургская область,2020-04-10,25,1,4,20
Оренбургская область,2020-04-11,25,1,4,20
Оренбургская область,2020-04-12,25,1,5,19
Оренбургская область,2020-04-13,45,1,5,39
Оренбургская область,2020-04-14,53,1,6,46
Оренбургская область,2020-04-15,54,1,6,47
Оренбургская область,2020-04-16,82,2,12,68
Оренбургская область,2020-04-17,120,2,13,105
Республика Хакасия,2020-03-22,1,0,0,1
Республика Хакасия,2020-03-23,1,0,0,1
Республика Хакасия,2020-03-24,1,0,0,1
Республика Хакасия,2020-03-25,1,0,0,1
Республика Хакасия,2020-03-26,2,0,0,2
Республика Хакасия,2020-03-27,2,0,0,2
Республика Хакасия,2020-03-28,2,0,0,2
Республика Хакасия,2020-03-29,2,0,0,2
Республика Хакасия,2020-03-30,3,0,0,3
Республика Хакасия,2020-03-31,3,0,0,3
Республика Хакасия,2020-04-01,3,0,0,3
Республика Хакасия,2020-04-02,3,0,0,3
Республика Хакасия,2020-04-03,3,0,0,3
Республика Хакасия,2020-04-04,3,0,1,2
Республика Хакасия,2020-04-05,3,0,1,2
Республика Хакасия,2020-04-06,5,0,1,4
Республика Хакасия,2020-04-07,5,0,1,4
Республика Хакасия,2020-04-08,6,0,1,5
Республика Хакасия,2020-04-09,6,0,1,5
Республика Хакасия,2020-04-10,9,0,3,6
Республика Хакасия,2020-04-11,12,0,3,9
Республика Хакасия,2020-04-12,12,0,3,9
Республика Хакасия,2020-04-13,12,0,3,9
Республика Хакасия,2020-04-14,20,0,3,17
Республика Хакасия,2020-04-15,26,0,3,23
Республика Хакасия,2020-04-16,27,0,3,24
Республика Хакасия,2020-04-17,38,0,3,35
Республика Башкортостан,2020-03-24,3,0,0,3
Республика Башкортостан,2020-03-25,4,0,0,4
Республика Башкортостан,2020-03-26,4,0,0,4
Республика Башкортостан,2020-03-27,4,0,0,4
Республика Башкортостан,2020-03-28,4,0,0,4
Республика Башкортостан,2020-03-29,5,0,0,5
Республика Башкортостан,2020-03-30,5,0,0,5
Республика Башкортостан,2020-03-31,7,0,0,7
Республика Башкортостан,2020-04-01,8,0,1,7
Республика Башкортостан,2020-04-02,10,0,1,9
Республика Башкортостан,2020-04-03,10,0,5,5
Республика Башкортостан,2020-04-04,10,0,5,5
Республика Башкортостан,2020-04-05,10,0,5,5
Республика Башкортостан,2020-04-06,10,0,5,5
Республика Башкортостан,2020-04-07,12,0,5,7
Республика Башкортостан,2020-04-08,16,0,5,11
Республика Башкортостан,2020-04-09,22,0,5,17
Республика Башкортостан,2020-04-10,40,0,6,34
Республика Башкортостан,2020-04-11,65,0,7,58
Республика Башкортостан,2020-04-12,84,1,7,76
Республика Башкортостан,2020-04-13,107,1,7,99
Республика Башкортостан,2020-04-14,129,3,9,117
Республика Башкортостан,2020-04-15,149,5,9,135
Республика Башкортостан,2020-04-16,191,5,9,177
Республика Башкортостан,2020-04-17,213,8,14,191
Приморский край,2020-03-24,2,0,0,2
Приморский край,2020-03-25,2,0,0,2
Приморский край,2020-03-26,2,0,0,2
Приморский край,2020-03-27,2,0,0,2
Приморский край,2020-03-28,2,0,0,2
Приморский край,2020-03-29,2,0,0,2
Приморский край,2020-03-30,2,0,0,2
Приморский край,2020-03-31,4,0,1,3
Приморский край,2020-04-01,5,0,1,4
Приморский край,2020-04-02,5,0,2,3
Приморский край,2020-04-03,7,0,2,5
Приморский край,2020-04-04,7,1,2,4
Приморский край,2020-04-05,7,1,2,4
Приморский край,2020-04-06,7,1,2,4
Приморский край,2020-04-07,8,2,2,4
Приморский край,2020-04-08,15,2,2,11
Приморский край,2020-04-09,20,2,2,16
Приморский край,2020-04-10,20,2,2,16
Приморский край,2020-04-11,23,2,2,19
Приморский край,2020-04-12,24,2,2,20
Приморский край,2020-04-13,28,2,2,24
Приморский край,2020-04-14,32,2,3,27
Приморский край,2020-04-15,36,2,3,31
Приморский край,2020-04-16,40,2,3,35
Приморский край,2020-04-17,49,2,3,44
Орловская область,2020-03-24,2,0,0,2
Орловская область,2020-03-25,2,0,0,2
Орловская область,2020-03-26,2,0,0,2
Орловская область,2020-03-27,3,0,0,3
Орловская область,2020-03-28,3,0,0,3
Орловская область,2020-03-29,3,0,0,3
Орловская область,2020-03-30,3,0,0,3
Орловская область,2020-03-31,3,0,0,3
Орловская область,2020-04-01,3,0,0,3
Орловская область,2020-04-02,3,0,0,3
Орловская область,2020-04-03,3,0,0,3
Орловская область,2020-04-04,6,0,0,6
Орловская область,2020-04-05,6,0,0,6
Орловская область,2020-04-06,7,0,0,7
Орловская область,2020-04-07,12,0,3,9
Орловская область,2020-04-08,12,0,3,9
Орловская область,2020-04-09,17,0,3,14
Орловская область,2020-04-10,24,0,3,21
Орловская область,2020-04-11,29,0,3,26
Орловская область,2020-04-12,29,0,3,26
Орловская область,2020-04-13,34,0,3,31
Орловская область,2020-04-14,41,0,3,38
Орловская область,2020-04-15,41,0,3,38
Орловская область,2020-04-16,73,0,7,66
Орловская область,2020-04-17,85,0,7,78
Чеченская Республика,2020-03-24,1,0,0,1
Чеченская Республика,2020-03-25,1,0,0,1
Чеченская Республика,2020-03-26,1,0,0,1
Чеченская Республика,2020-03-27,3,0,0,3
Чеченская Республика,2020-03-28,5,0,0,5
Чеченская Республика,2020-03-29,9,0,0,9
Чеченская Республика,2020-03-30,9,0,0,9
Чеченская Республика,2020-03-31,9,0,0,9
Чеченская Республика,2020-04-01,10,0,0,10
Чеченская Республика,2020-04-02,10,1,0,9
Чеченская Республика,2020-04-03,12,1,0,11
Чеченская Республика,2020-04-04,15,1,0,14
Чеченская Республика,2020-04-05,15,1,0,14
Чеченская Республика,2020-04-06,16,1,0,15
Чеченская Республика,2020-04-07,17,1,12,4
Чеченская Республика,2020-04-08,22,1,15,6
Чеченская Республика,2020-04-09,22,1,15,6
Чеченская Республика,2020-04-10,22,1,15,6
Чеченская Республика,2020-04-11,30,1,15,14
Чеченская Республика,2020-04-12,47,3,15,29
Чеченская Республика,2020-04-13,49,5,15,29
Чеченская Республика,2020-04-14,64,5,15,44
Чеченская Республика,2020-04-15,105,5,15,85
Чеченская Республика,2020-04-16,108,5,15,88
Чеченская Республика,2020-04-17,115,5,15,95
Волгоградская область,2020-03-24,1,0,0,1
Волгоградская область,2020-03-25,1,0,0,1
Волгоградская область,2020-03-26,1,0,0,1
Волгоградская область,2020-03-27,4,0,0,4
Волгоградская область,2020-03-28,4,0,0,4
Волгоградская область,2020-03-29,4,0,0,4
Волгоградская область,2020-03-30,4,0,0,4
Волгоградская область,2020-03-31,4,0,0,4
Волгоградская область,2020-04-01,8,0,0,8
Волгоградская область,2020-04-02,8,0,0,8
Волгоградская область,2020-04-03,8,0,0,8
Волгоградская область,2020-04-04,8,0,1,7
Волгоградская область,2020-04-05,8,0,1,7
Волгоградская область,2020-04-06,15,0,1,14
Волгоградская область,2020-04-07,26,0,1,25
Волгоградская область,2020-04-08,26,0,2,24
Волгоградская область,2020-04-09,26,0,2,24
Волгоградская область,2020-04-10,28,0,5,23
Волгоградская область,2020-04-11,33,0,5,28
Волгоградская область,2020-04-12,38,0,7,31
Волгоградская область,2020-04-13,44,0,7,37
Волгоградская область,2020-04-14,46,0,7,39
Волгоградская область,2020-04-15,47,0,7,40
Волгоградская область,2020-04-16,58,0,7,51
Волгоградская область,2020-04-17,62,0,7,55
Псковская область,2020-03-25,4,0,0,4
Псковская область,2020-03-26,6,0,0,6
Псковская область,2020-03-27,6,0,0,6
Псковская область,2020-03-28,6,0,0,6
Псковская область,2020-03-29,6,0,0,6
Псковская область,2020-03-30,9,1,0,8
Псковская область,2020-03-31,9,1,0,8
Псковская область,2020-04-01,9,2,0,7
Псковская область,2020-04-02,9,2,0,7
Псковская область,2020-04-03,9,2,0,7
Псковская область,2020-04-04,9,2,2,5
Псковская область,2020-04-05,9,2,3,4
Псковская область,2020-04-06,10,2,3,5
Псковская область,2020-04-07,14,2,3,9
Псковская область,2020-04-08,14,2,3,9
Псковская область,2020-04-09,16,2,5,9
Псковская область,2020-04-10,16,2,5,9
Псковская область,2020-04-11,16,2,6,8
Псковская область,2020-04-12,16,2,6,8
Псковская область,2020-04-13,21,2,6,13
Псковская область,2020-04-14,21,2,6,13
Псковская область,2020-04-15,27,4,8,15
Псковская область,2020-04-16,32,4,8,20
Псковская область,2020-04-17,37,4,8,25
Ростовская область,2020-03-25,1,0,0,1
Ростовская область,2020-03-26,1,0,0,1
Ростовская область,2020-03-27,2,0,0,2
Ростовская область,2020-03-28,2,0,0,2
Ростовская область,2020-03-29,2,0,0,2
Ростовская область,2020-03-30,2,0,0,2
Ростовская область,2020-03-31,5,0,0,5
Ростовская область,2020-04-01,5,0,0,5
Ростовская область,2020-04-02,9,0,0,9
Ростовская область,2020-04-03,9,0,0,9
Ростовская область,2020-04-04,9,0,0,9
Ростовская область,2020-04-05,9,0,0,9
Ростовская область,2020-04-06,9,0,0,9
Ростовская область,2020-04-07,17,0,0,17
Ростовская область,2020-04-08,21,0,0,21
Ростовская область,2020-04-09,24,0,1,23
Ростовская область,2020-04-10,29,0,2,27
Ростовская область,2020-04-11,38,0,2,36
Ростовская область,2020-04-12,52,0,4,48
Ростовская область,2020-04-13,78,0,5,73
Ростовская область,2020-04-14,98,0,5,93
Ростовская область,2020-04-15,104,0,8,96
Ростовская область,2020-04-16,145,0,8,137
Ростовская область,2020-04-17,168,0,10,158
Республика Бурятия,2020-03-26,2,0,0,2
Республика Бурятия,2020-03-27,2,0,0,2
Республика Бурятия,2020-03-28,8,0,0,8
Республика Бурятия,2020-03-29,8,0,0,8
Республика Бурятия,2020-03-30,13,0,0,13
Республика Бурятия,2020-03-31,19,0,0,19
Республика Бурятия,2020-04-01,25,0,0,25
Республика Бурятия,2020-04-02,30,0,0,30
Республика Бурятия,2020-04-03,31,0,0,31
Республика Бурятия,2020-04-04,35,0,0,35
Республика Бурятия,2020-04-05,35,0,0,35
Республика Бурятия,2020-04-06,43,0,0,43
Республика Бурятия,2020-04-07,43,1,0,42
Республика Бурятия,2020-04-08,50,1,0,49
Республика Бурятия,2020-04-09,54,1,9,44
Республика Бурятия,2020-04-10,60,1,12,47
Республика Бурятия,2020-04-11,61,1,14,46
Республика Бурятия,2020-04-12,73,1,15,57
Республика Бурятия,2020-04-13,77,1,17,59
Республика Бурятия,2020-04-14,86,1,17,68
Республика Бурятия,2020-04-15,92,2,23,67
Республика Бурятия,2020-04-16,100,2,24,74
Республика Бурятия,2020-04-17,103,2,24,77
Республика Мордовия,2020-03-27,2,0,0,2
Республика Мордовия,2020-03-28,2,0,0,2
Республика Мордовия,2020-03-29,3,0,0,3
Республика Мордовия,2020-03-30,3,0,0,3
Республика Мордовия,2020-03-31,3,0,0,3
Республика Мордовия,2020-04-01,4,0,0,4
Республика Мордовия,2020-04-02,4,0,0,4
Республика Мордовия,2020-04-03,4,0,0,4
Республика Мордовия,2020-04-04,5,0,0,5
Республика Мордовия,2020-04-05,5,0,2,3
Республика Мордовия,2020-04-06,6,0,2,4
Республика Мордовия,2020-04-07,6,0,3,3
Республика Мордовия,2020-04-08,13,0,3,10
Республика Мордовия,2020-04-09,17,0,3,14
Республика Мордовия,2020-04-10,19,0,3,16
Республика Мордовия,2020-04-11,19,0,4,15
Республика Мордовия,2020-04-12,42,0,4,38
Республика Мордовия,2020-04-13,58,0,4,54
Республика Мордовия,2020-04-14,71,0,4,67
Республика Мордовия,2020-04-15,71,0,5,66
Республика Мордовия,2020-04-16,71,1,5,65
Республика Мордовия,2020-04-17,136,1,5,130
Республика Дагестан,2020-03-27,1,0,0,1
Республика Дагестан,2020-03-28,1,0,0,1
Республика Дагестан,2020-03-29,1,0,0,1
Республика Дагестан,2020-03-30,4,0,0,4
Республика Дагестан,2020-03-31,13,0,0,13
Республика Дагестан,2020-04-01,15,0,0,15
Республика Дагестан,2020-04-02,25,0,0,25
Республика Дагестан,2020-04-03,25,0,0,25
Республика Дагестан,2020-04-04,25,0,0,25
Республика Дагестан,2020-04-05,25,0,0,25
Республика Дагестан,2020-04-06,30,0,4,26
Республика Дагестан,2020-04-07,43,0,4,39
Республика Дагестан,2020-04-08,44,0,4,40
Республика Дагестан,2020-04-09,57,0,4,53
Республика Дагестан,2020-04-10,58,0,4,54
Республика Дагестан,2020-04-11,84,0,4,80
Республика Дагестан,2020-04-12,84,0,9,75
Республика Дагестан,2020-04-13,84,0,9,75
Республика Дагестан,2020-04-14,100,0,9,91
Республика Дагестан,2020-04-15,105,3,9,93
Республика Дагестан,2020-04-16,154,6,9,139
Республика Дагестан,2020-04-17,213,9,9,195
Сахалинская область,2020-03-28,4,0,0,4
Сахалинская область,2020-03-29,4,0,0,4
Сахалинская область,2020-03-30,4,0,0,4
Сахалинская область,2020-03-31,4,0,0,4
Сахалинская область,2020-04-01,5,0,0,5
Сахалинская область,2020-04-02,5,0,0,5
Сахалинская область,2020-04-03,5,0,0,5
Сахалинская область,2020-04-04,6,0,0,6
Сахалинская область,2020-04-05,6,0,0,6
Сахалинская область,2020-04-06,6,0,0,6
Сахалинская область,2020-04-07,6,0,4,2
Сахалинская область,2020-04-08,11,0,4,7
Сахалинская область,2020-04-09,11,0,4,7
Сахалинская область,2020-04-10,11,0,4,7
Сахалинская область,2020-04-11,11,0,4,7
Сахалинская область,2020-04-12,11,0,4,7
Сахалинская область,2020-04-13,11,0,6,5
Сахалинская область,2020-04-14,11,0,6,5
Сахалинская область,2020-04-15,12,0,6,6
Сахалинская область,2020-04-16,12,0,6,6
Сахалинская область,2020-04-17,19,0,6,13
Костромская область,2020-03-28,1,0,0,1
Костромская область,2020-03-29,1,0,0,1
Костромская область,2020-03-30,1,0,0,1
Костромская область,2020-03-31,3,0,0,3
Костромская область,2020-04-01,3,0,0,3
Костромская область,2020-04-02,3,0,0,3
Костромская область,2020-04-03,3,0,0,3
Костромская область,2020-04-04,8,1,0,7
Костромская область,2020-04-05,8,1,0,7
Костромская область,2020-04-06,9,1,0,8
Костромская область,2020-04-07,9,1,2,6
Костромская область,2020-04-08,9,1,2,6
Костромская область,2020-04-09,12,1,3,8
Костромская область,2020-04-10,15,1,3,11
Костромская область,2020-04-11,15,1,3,11
Костромская область,2020-04-12,18,2,3,13
Костромская область,2020-04-13,18,2,3,13
Костромская область,2020-04-14,18,2,3,13
Костромская область,2020-04-15,27,2,3,22
Костромская область,2020-04-16,38,2,3,33
Костромская область,2020-04-17,47,2,7,38
Смоленская область,2020-03-28,1,0,0,1
Смоленская область,2020-03-29,1,0,0,1
Смоленская область,2020-03-30,1,0,0,1
Смоленская область,2020-03-31,1,0,0,1
Смоленская область,2020-04-01,1,0,0,1
Смоленская область,2020-04-02,1,0,0,1
Смоленская область,2020-04-03,1,0,0,1
Смоленская область,2020-04-04,2,0,0,2
Смоленская область,2020-04-05,2,0,0,2
Смоленская область,2020-04-06,3,0,0,3
Смоленская область,2020-04-07,3,0,0,3
Смоленская область,2020-04-08,7,0,0,7
Смоленская область,2020-04-09,11,0,1,10
Смоленская область,2020-04-10,13,0,1,12
Смоленская область,2020-04-11,17,0,1,16
Смоленская область,2020-04-12,17,1,1,15
Смоленская область,2020-04-13,21,1,1,19
Смоленская область,2020-04-14,55,1,1,53
Смоленская область,2020-04-15,106,1,1,104
Смоленская область,2020-04-16,132,1,1,130
Смоленская область,2020-04-17,139,2,1,136
Республика Адыгея,2020-03-28,1,0,0,1
Республика Адыгея,2020-03-29,1,0,0,1
Республика Адыгея,2020-03-30,4,0,0,4
Республика Адыгея,2020-03-31,4,0,0,4
Республика Адыгея,2020-04-01,4,0,0,4
Республика Адыгея,2020-04-02,5,0,0,5
Республика Адыгея,2020-04-03,5,0,0,5
Республика Адыгея,2020-04-04,7,0,0,7
Республика Адыгея,2020-04-05,7,0,0,7
Республика Адыгея,2020-04-06,13,0,0,13
Республика Адыгея,2020-04-07,13,0,0,13
Республика Адыгея,2020-04-08,13,0,0,13
Республика Адыгея,2020-04-09,13,0,2,11
Республика Адыгея,2020-04-10,20,0,2,18
Республика Адыгея,2020-04-11,20,0,2,18
Республика Адыгея,2020-04-12,20,0,5,15
Республика Адыгея,2020-04-13,20,0,5,15
Республика Адыгея,2020-04-14,27,0,6,21
Республика Адыгея,2020-04-15,27,0,12,15
Республика Адыгея,2020-04-16,43,1,15,27
Республика Адыгея,2020-04-17,79,2,15,62
Омская область,2020-03-29,3,0,0,3
Омская область,2020-03-30,3,0,0,3
Омская область,2020-03-31,3,0,0,3
Омская область,2020-04-01,7,0,0,7
Омская область,2020-04-02,9,0,0,9
Омская область,2020-04-03,9,0,0,9
Омская область,2020-04-04,10,0,0,10
Омская область,2020-04-05,10,0,0,10
Омская область,2020-04-06,10,0,0,10
Омская область,2020-04-07,14,0,0,14
Омская область,2020-04-08,15,0,0,15
Омская область,2020-04-09,15,0,0,15
Омская область,2020-04-10,17,0,3,14
Омская область,2020-04-11,17,0,3,14
Омская область,2020-04-12,19,0,5,14
Омская область,2020-04-13,20,0,5,15
Омская область,2020-04-14,20,0,6,14
Омская область,2020-04-15,22,0,9,13
Омская область,2020-04-16,23,0,9,14
Омская область,2020-04-17,26,0,9,17
Амурская область,2020-03-29,1,0,0,1
Амурская область,2020-03-30,1,0,0,1
Амурская область,2020-03-31,1,0,0,1
Амурская область,2020-04-01,1,0,0,1
Амурская область,2020-04-02,1,0,0,1
Амурская область,2020-04-03,1,0,0,1
Амурская область,2020-04-04,4,0,0,4
Амурская область,2020-04-05,4,0,0,4
Амурская область,2020-04-06,4,0,0,4
Амурская область,2020-04-07,4,0,0,4
Амурская область,2020-04-08,4,0,0,4
Амурская область,2020-04-09,4,0,1,3
Амурская область,2020-04-10,4,0,1,3
Амурская область,2020-04-11,6,0,1,5
Амурская область,2020-04-12,17,0,1,16
Амурская область,2020-04-13,6,0,1,5
Амурская область,2020-04-14,6,0,1,5
Амурская область,2020-04-15,6,0,1,5
Амурская область,2020-04-16,9,0,1,8
Амурская область,2020-04-17,11,0,3,8
Иркутская область,2020-03-29,1,0,0,1
Иркутская область,2020-03-30,2,0,0,2
Иркутская область,2020-03-31,3,0,0,3
Иркутская область,2020-04-01,3,0,0,3
Иркутская область,2020-04-02,7,0,0,7
Иркутская область,2020-04-03,8,0,0,8
Иркутская область,2020-04-04,8,0,0,8
Иркутская область,2020-04-05,8,0,0,8
Иркутская область,2020-04-06,11,0,0,11
Иркутская область,2020-04-07,14,1,0,13
Иркутская область,2020-04-08,14,2,0,12
Иркутская область,2020-04-09,17,2,0,15
Иркутская область,2020-04-10,21,2,0,19
Иркутская область,2020-04-11,23,2,0,21
Иркутская область,2020-04-12,28,2,0,26
Иркутская область,2020-04-13,35,2,3,30
Иркутская область,2020-04-14,39,2,3,34
Иркутская область,2020-04-15,39,2,3,34
Иркутская область,2020-04-16,45,2,4,39
Иркутская область,2020-04-17,47,2,4,41
Севастополь,2020-03-30,5,0,0,5
Севастополь,2020-03-31,5,0,0,5
Севастополь,2020-04-01,5,0,0,5
Севастополь,2020-04-02,5,0,0,5
Севастополь,2020-04-03,5,0,0,5
Севастополь,2020-04-04,5,0,0,5
Севастополь,2020-04-05,5,0,0,5
Севастополь,2020-04-06,5,0,0,5
Севастополь,2020-04-07,5,0,0,5
Севастополь,2020-04-08,5,0,2,3
Севастополь,2020-04-09,5,0,2,3
Севастополь,2020-04-10,5,0,2,3
Севастополь,2020-04-11,6,0,2,4
Севастополь,2020-04-12,6,0,2,4
Севастополь,2020-04-13,6,0,2,4
Севастополь,2020-04-14,7,0,2,5
Севастополь,2020-04-15,8,0,2,6
Севастополь,2020-04-16,8,0,2,6
Севастополь,2020-04-17,12,0,2,10
Вологодская область,2020-03-30,2,0,0,2
Вологодская область,2020-03-31,2,0,0,2
Вологодская область,2020-04-01,9,0,0,9
Вологодская область,2020-04-02,12,0,0,12
Вологодская область,2020-04-03,12,0,0,12
Вологодская область,2020-04-04,13,0,0,13
Вологодская область,2020-04-05,13,0,0,13
Вологодская область,2020-04-06,23,0,0,23
Вологодская область,2020-04-07,23,0,0,23
Вологодская область,2020-04-08,27,0,0,27
Вологодская область,2020-04-09,35,0,0,35
Вологодская область,2020-04-10,38,0,0,38
Вологодская область,2020-04-11,39,0,0,39
Вологодская область,2020-04-12,42,0,0,42
Вологодская область,2020-04-13,43,0,0,43
Вологодская область,2020-04-14,50,0,0,50
Вологодская область,2020-04-15,52,0,0,52
Вологодская область,2020-04-16,67,0,8,59
Вологодская область,2020-04-17,77,0,9,68
Владимирская область,2020-03-30,2,0,0,2
Владимирская область,2020-03-31,2,1,0,1
Владимирская область,2020-04-01,3,1,0,2
Владимирская область,2020-04-02,3,1,0,2
Владимирская область,2020-04-03,3,1,0,2
Владимирская область,2020-04-04,3,1,0,2
Владимирская область,2020-04-05,3,1,0,2
Владимирская область,2020-04-06,5,1,0,4
Владимирская область,2020-04-07,12,1,0,11
Владимирская область,2020-04-08,14,1,0,13
Владимирская область,2020-04-09,38,1,0,37
Владимирская область,2020-04-10,42,1,0,41
Владимирская область,2020-04-11,48,1,1,46
Владимирская область,2020-04-12,71,1,1,69
Владимирская область,2020-04-13,84,1,1,82
Владимирская область,2020-04-14,100,2,1,97
Владимирская область,2020-04-15,145,2,1,142
Владимирская область,2020-04-16,159,5,1,153
Владимирская область,2020-04-17,183,5,1,177
Республика Марий Эл,2020-03-30,2,0,0,2
Республика Марий Эл,2020-03-31,2,0,0,2
Республика Марий Эл,2020-04-01,2,0,0,2
Республика Марий Эл,2020-04-02,4,0,0,4
Республика Марий Эл,2020-04-03,4,0,0,4
Республика Марий Эл,2020-04-04,4,0,0,4
Республика Марий Эл,2020-04-05,4,0,0,4
Республика Марий Эл,2020-04-06,13,0,0,13
Республика Марий Эл,2020-04-07,13,0,0,13
Республика Марий Эл,2020-04-08,40,0,0,40
Республика Марий Эл,2020-04-09,41,0,2,39
Республика Марий Эл,2020-04-10,63,1,2,60
Республика Марий Эл,2020-04-11,63,1,3,59
Республика Марий Эл,2020-04-12,70,1,5,64
Республика Марий Эл,2020-04-13,80,1,5,74
Республика Марий Эл,2020-04-14,91,1,5,85
Республика Марий Эл,2020-04-15,118,1,8,109
Республика Марий Эл,2020-04-16,147,1,8,138
Республика Марий Эл,2020-04-17,179,1,24,154
Алтайский край,2020-03-30,1,0,0,1
Алтайский край,2020-03-31,2,0,0,2
Алтайский край,2020-04-01,3,0,0,3
Алтайский край,2020-04-02,4,0,0,4
Алтайский край,2020-04-03,4,0,0,4
Алтайский край,2020-04-04,7,0,0,7
Алтайский край,2020-04-05,7,0,0,7
Алтайский край,2020-04-06,12,0,0,12
Алтайский край,2020-04-07,12,0,0,12
Алтайский край,2020-04-08,18,0,0,18
Алтайский край,2020-04-09,21,0,0,21
Алтайский край,2020-04-10,21,0,0,21
Алтайский край,2020-04-11,29,0,2,27
Алтайский край,2020-04-12,29,0,3,26
Алтайский край,2020-04-13,31,0,3,28
Алтайский край,2020-04-14,36,0,3,33
Алтайский край,2020-04-15,39,0,3,36
Алтайский край,2020-04-16,48,0,3,45
Алтайский край,2020-04-17,53,0,4,49
Республика Калмыкия,2020-03-30,1,0,0,1
Республика Калмыкия,2020-03-31,2,0,0,2
Республика Калмыкия,2020-04-01,2,0,0,2
Республика Калмыкия,2020-04-02,2,0,0,2
Республика Калмыкия,2020-04-03,7,0,0,7
Республика Калмыкия,2020-04-04,7,0,0,7
Республика Калмыкия,2020-04-05,7,0,0,7
Республика Калмыкия,2020-04-06,7,0,0,7
Республика Калмыкия,2020-04-07,11,0,0,11
Республика Калмыкия,2020-04-08,15,0,2,13
Республика Калмыкия,2020-04-09,23,0,5,18
Республика Калмыкия,2020-04-10,23,0,5,18
Республика Калмыкия,2020-04-11,32,0,5,27
Республика Калмыкия,2020-04-12,32,0,5,27
Республика Калмыкия,2020-04-13,32,0,5,27
Республика Калмыкия,2020-04-14,32,0,9,23
Республика Калмыкия,2020-04-15,35,2,9,24
Республика Калмыкия,2020-04-16,36,2,9,25
Республика Калмыкия,2020-04-17,53,3,9,41
Астраханская область,2020-03-31,2,0,0,2
Астраханская область,2020-04-01,2,0,0,2
Астраханская область,2020-04-02,2,0,0,2
Астраханская область,2020-04-03,5,0,0,5
Астраханская область,2020-04-04,5,0,0,5
Астраханская область,2020-04-05,5,0,0,5
Астраханская область,2020-04-06,5,0,0,5
Астраханская область,2020-04-07,5,0,0,5
Астраханская область,2020-04-08,5,0,0,5
Астраханская область,2020-04-09,21,0,0,21
Астраханская область,2020-04-10,21,0,0,21
Астраханская область,2020-04-11,21,0,0,21
Астраханская область,2020-04-12,29,0,0,29
Астраханская область,2020-04-13,30,0,0,30
Астраханская область,2020-04-14,30,0,0,30
Астраханская область,2020-04-15,47,1,2,44
Астраханская область,2020-04-16,60,3,2,55
Астраханская область,2020-04-17,64,3,7,54
Магаданская область,2020-03-31,1,0,0,1
Магаданская область,2020-04-01,1,0,0,1
Магаданская область,2020-04-02,1,0,0,1
Магаданская область,2020-04-03,1,0,0,1
Магаданская область,2020-04-04,1,0,0,1
Магаданская область,2020-04-05,1,0,0,1
Магаданская область,2020-04-06,1,0,0,1
Магаданская область,2020-04-07,1,0,0,1
Магаданская область,2020-04-08,1,0,0,1
Магаданская область,2020-04-09,1,0,1,0
Магаданская область,2020-04-10,1,0,1,0
Магаданская область,2020-04-11,1,0,1,0
Магаданская область,2020-04-12,1,0,1,0
Магаданская область,2020-04-13,2,0,1,1
Магаданская область,2020-04-14,3,0,1,2
Магаданская область,2020-04-15,3,0,1,2
Магаданская область,2020-04-16,18,0,1,17
Магаданская область,2020-04-17,18,0,1,17
Курская область,2020-04-01,3,0,0,3
Курская область,2020-04-02,3,0,0,3
Курская область,2020-04-03,4,0,0,4
Курская область,2020-04-04,4,0,0,4
Курская область,2020-04-05,4,0,0,4
Курская область,2020-04-06,4,0,0,4
Курская область,2020-04-07,4,0,0,4
Курская область,2020-04-08,10,0,0,10
Курская область,2020-04-09,20,0,3,17
Курская область,2020-04-10,21,0,3,18
Курская область,2020-04-11,42,0,3,39
Курская область,2020-04-12,43,0,3,40
Курская область,2020-04-13,58,0,3,55
Курская область,2020-04-14,58,0,3,55
Курская область,2020-04-15,89,0,3,86
Курская область,2020-04-16,120,2,5,113
Курская область,2020-04-17,145,2,8,135
Республика Северная Осетия — Алания,2020-04-01,2,0,0,2
Республика Северная Осетия — Алания,2020-04-02,4,0,0,4
Республика Северная Осетия — Алания,2020-04-03,4,0,0,4
Республика Северная Осетия — Алания,2020-04-04,5,0,0,5
Республика Северная Осетия — Алания,2020-04-05,5,0,0,5
Республика Северная Осетия — Алания,2020-04-06,8,0,0,8
Республика Северная Осетия — Алания,2020-04-07,9,0,0,9
Республика Северная Осетия — Алания,2020-04-08,15,1,0,14
Республика Северная Осетия — Алания,2020-04-09,22,1,0,21
Республика Северная Осетия — Алания,2020-04-10,27,1,1,25
Республика Северная Осетия — Алания,2020-04-11,27,1,1,25
Республика Северная Осетия — Алания,2020-04-12,34,1,1,32
Республика Северная Осетия — Алания,2020-04-13,34,2,1,31
Республика Северная Осетия — Алания,2020-04-14,52,2,1,49
Республика Северная Осетия — Алания,2020-04-15,52,2,1,49
Республика Северная Осетия — Алания,2020-04-16,52,2,3,47
Республика Северная Осетия — Алания,2020-04-17,65,2,3,60
Ямало-Ненецкий автономный округ,2020-04-02,2,0,0,2
Ямало-Ненецкий автономный округ,2020-04-03,12,0,0,12
Ямало-Ненецкий автономный округ,2020-04-04,12,0,0,12
Ямало-Ненецкий автономный округ,2020-04-05,12,0,0,12
Ямало-Ненецкий автономный округ,2020-04-06,12,0,0,12
Ямало-Ненецкий автономный округ,2020-04-07,30,0,0,30
Ямало-Ненецкий автономный округ,2020-04-08,41,0,0,41
Ямало-Ненецкий автономный округ,2020-04-09,41,0,0,41
Ямало-Ненецкий автономный округ,2020-04-10,41,1,0,40
Ямало-Ненецкий автономный округ,2020-04-11,50,1,0,49
Ямало-Ненецкий автономный округ,2020-04-12,62,1,0,61
Ямало-Ненецкий автономный округ,2020-04-13,66,1,0,65
Ямало-Ненецкий автономный округ,2020-04-14,66,1,0,65
Ямало-Ненецкий автономный округ,2020-04-15,73,1,0,72
Ямало-Ненецкий автономный округ,2020-04-16,95,1,0,94
Ямало-Ненецкий автономный округ,2020-04-17,101,1,5,95
Еврейская автономная область,2020-04-03,3,0,0,3
Еврейская автономная область,2020-04-04,3,0,0,3
Еврейская автономная область,2020-04-05,3,0,0,3
Еврейская автономная область,2020-04-06,3,0,0,3
Еврейская автономная область,2020-04-07,3,0,0,3
Еврейская автономная область,2020-04-08,6,0,0,6
Еврейская автономная область,2020-04-09,6,0,0,6
Еврейская автономная область,2020-04-10,8,0,0,8
Еврейская автономная область,2020-04-11,8,0,0,8
Еврейская автономная область,2020-04-12,8,0,0,8
Еврейская автономная область,2020-04-13,9,0,0,9
Еврейская автономная область,2020-04-14,9,0,0,9
Еврейская автономная область,2020-04-15,9,0,0,9
Еврейская автономная область,2020-04-16,10,0,0,10
Еврейская автономная область,2020-04-17,16,0,4,12
Республика Ингушетия,2020-04-03,1,0,0,1
Республика Ингушетия,2020-04-04,1,0,0,1
Республика Ингушетия,2020-04-05,1,0,0,1
Республика Ингушетия,2020-04-06,1,0,0,1
Республика Ингушетия,2020-04-07,7,0,0,7
Республика Ингушетия,2020-04-08,25,0,0,25
Республика Ингушетия,2020-04-09,25,0,0,25
Республика Ингушетия,2020-04-10,29,0,0,29
Республика Ингушетия,2020-04-11,29,0,0,29
Республика Ингушетия,2020-04-12,29,1,0,28
Республика Ингушетия,2020-04-13,34,1,0,33
Республика Ингушетия,2020-04-14,34,1,0,33
Республика Ингушетия,2020-04-15,90,1,1,88
Республика Ингушетия,2020-04-16,153,2,1,150
Республика Ингушетия,2020-04-17,191,2,1,188
Камчатский край,2020-04-05,2,0,0,2
Камчатский край,2020-04-06,2,0,0,2
Камчатский край,2020-04-07,2,0,0,2
Камчатский край,2020-04-08,2,0,0,2
Камчатский край,2020-04-09,5,0,0,5
Камчатский край,2020-04-10,5,0,0,5
Камчатский край,2020-04-11,10,0,0,10
Камчатский край,2020-04-12,10,0,0,10
Камчатский край,2020-04-13,10,0,0,10
Камчатский край,2020-04-14,10,0,0,10
Камчатский край,2020-04-15,10,0,0,10
Камчатский край,2020-04-16,21,0,0,21
Камчатский край,2020-04-17,29,0,2,27
Республика Карелия,2020-04-06,2,0,0,2
Республика Карелия,2020-04-07,2,0,0,2
Республика Карелия,2020-04-08,2,0,0,2
Республика Карелия,2020-04-09,2,0,0,2
Республика Карелия,2020-04-10,2,0,0,2
Республика Карелия,2020-04-11,2,0,0,2
Республика Карелия,2020-04-12,2,0,0,2
Республика Карелия,2020-04-13,3,0,0,3
Республика Карелия,2020-04-14,3,0,0,3
Республика Карелия,2020-04-15,7,0,0,7
Республика Карелия,2020-04-16,8,0,0,8
Республика Карелия,2020-04-17,9,0,0,9
Карачаево-Черкесская Республика,2020-04-07,3,0,0,3
Карачаево-Черкесская Республика,2020-04-08,5,0,0,5
Карачаево-Черкесская Республика,2020-04-09,6,0,0,6
Карачаево-Черкесская Республика,2020-04-10,9,0,0,9
Карачаево-Черкесская Республика,2020-04-11,9,0,0,9
Карачаево-Черкесская Республика,2020-04-12,11,0,0,11
Карачаево-Черкесская Республика,2020-04-13,13,0,0,13
Карачаево-Черкесская Республика,2020-04-14,16,0,0,16
Карачаево-Черкесская Республика,2020-04-15,23,0,0,23
Карачаево-Черкесская Республика,2020-04-16,30,0,0,30
Карачаево-Черкесская Республика,2020-04-17,49,0,0,49
Республика Тыва,2020-04-10,6,0,0,6
Республика Тыва,2020-04-11,6,0,0,6
Республика Тыва,2020-04-12,6,0,0,6
Республика Тыва,2020-04-13,6,0,0,6
Республика Тыва,2020-04-14,6,0,0,6
Республика Тыва,2020-04-15,6,0,0,6
Республика Тыва,2020-04-16,8,0,0,8
Республика Тыва,2020-04-17,9,0,0,9
Ненецкий автономный округ,2020-04-15,1,0,0,1
Ненецкий автономный округ,2020-04-16,1,0,0,1
Ненецкий автономный округ,2020-04-17,1,0,0,1
Чукотский автономный округ,2020-04-15,1,0,0,1
Чукотский автономный округ,2020-04-16,1,0,0,1
Чукотский автономный округ,2020-04-17,2,0,0,2
Республика Алтай,2020-04-17,1,0,0,1
